Protein Complex,Bile,Bladder,Bone,Brain,breast,cervical,colorectal,esophagel,Galbladder,Gastric,head,Kidney,Leukemia,liver,lung,lymphoma,Myeloma,Neuroblastoma,Non-cancerous,ovarian,pancreatic,prostate,Rhabdoid,Sarcoma,skin,testis,thyroid,Uncategorized,Uterine
"['O14579', 'P35606', 'P48444', 'P53618', 'P53621', 'Q9P299', 'Q9Y678']",0,0,0,0,0,0,0,0,0,0,0,0,0,0,0,0,0,0,0,0,0,0,0,0,0,0,0,0,0
"['P62877', 'Q13617', 'Q15369', 'Q15370', 'Q9UK73']",0,0,0,0,0,0,0,0,0,0,0,0,0,0,0,0,0,0,0,0,0,0,0,0,0,0,0,0,0
"['P51610', 'P61964', 'Q15291', 'Q6UXN9', 'Q8NFC6', 'Q96IK1', 'Q9C005', 'Q9P0U4', 'Q9UBL3', 'Q9UPS6', 'Q9Y5Z7']",0,0,0,0,0,0,0,0,0,0,0,0,0,0,0,0,0,0,0,0,0,0,0,0,0,0,0,0,0
"['A6NHQ4', 'O43189', 'O75530', 'Q15022', 'Q16576', 'Q92800']",0,0,0,0,0,0,0,0,0,0,0,0,0,0,0,0,0,0,0,0,0,0,0,0,0,0,0,0,0
"['P67870', 'P68400', 'Q06587', 'Q3KNV8', 'Q8N488', 'Q8WXX7']",0,0,0,0,0,0,0,0,0,0,0,0,0,0,0,0,0,0,0,0,0,0,0,0,0,0,0,0,0
"['O96019', 'P51532', 'P60709', 'Q12824', 'Q68CP9', 'Q86U86', 'Q8TAQ2', 'Q8WUB8', 'Q92922', 'Q92925', 'Q969G3', 'Q96GM5', 'Q9NPI1']",0,0,0,0,0,0,0,0,0,0,0,0,0,0,0,0,0,0,0,0,0,0,0,0,0,0,0,0,0
"['Q5SY16', 'Q8IZL8', 'Q9BV38', 'Q9H4L4', 'Q9NU22', 'Q9NXF1', 'Q9Y4W2']",0,0,0,0,0,0,0,0,0,0,0,0,0,0,0,0,0,0,0,0,0,0,0,0,0,0,0,0,0
"['O96019', 'P51532', 'P60709', 'Q12824', 'Q6STE5', 'Q8NFD5', 'Q8TAQ2', 'Q8WUB8', 'Q92922', 'Q969G3', 'Q96GM5']",0,0,0,0,0,0,0,0,0,0,0,0,0,0,0,0,0,0,0,0,0,0,0,0,0,0,0,0,0
"['O60674', 'P29459', 'P29460', 'P29597', 'P42701', 'Q99665']",0,0,0,0,0,0,0,0,0,0,0,0,0,0,0,0,0,0,0,0,0,0,0,0,0,0,0,0,0
"['A5YKK6', 'O75175', 'O95628', 'Q92600', 'Q96LI5', 'Q9C0C2', 'Q9H9A5', 'Q9NZN8', 'Q9UFF9', 'Q9UKZ1']",0,0,0,0,0,0,0,0,0,0,0,0,0,0,0,0,0,0,0,0,0,0,0,0,0,0,0,0,0
"['P62699', 'Q7L5Y9', 'Q8IUR7', 'Q8IVV7', 'Q96S59', 'Q9H7D7', 'Q9H871', 'Q9NWU2', 'Q9UL63']",0,0,0,0,0,0,0,0,0,0,0,0,0,0,0,0,0,0,0,0,0,0,0,0,0,0,0,0,0
"['A0AVF1', 'Q13099', 'Q8IY31', 'Q8N4P2', 'Q8TDR0', 'Q8WYA0', 'Q96AJ1', 'Q96LB3', 'Q9BW83', 'Q9H7X7', 'Q9NQC8', 'Q9NWB7', 'Q9P2H3', 'Q9UG01', 'Q9Y366', 'Q9Y547']",0,0,0,0,0,0,0,0,0,0,0,0,0,0,0,0,0,0,0,0,0,0,0,0,0,0,0,0,0
"['Q14657', 'Q96S44', 'Q9BXV9', 'Q9NPF4', 'Q9Y3C4']",0,0,0,0,0,0,0,0,0,0,0,0,0,0,0,0,0,0,0,0,0,0,0,0,0,0,0,0,0
"['P01024', 'P01024', 'P06681', 'P0C0L5', 'P0C0L5', 'P0C0L5']",0,0,0,0,0,0,0,0,0,0,0,0,0,0,0,0,0,0,0,0,0,0,0,0,0,0,0,0,0
"['P01568', 'P17181', 'P23458', 'P29597', 'P48551']",0,0,0,0,0,0,0,0,0,0,0,0,0,0,0,0,0,0,0,0,0,0,0,0,0,0,0,0,0
"['P17181', 'P23458', 'P29597', 'P48551', 'Q9P0W0']",0,0,0,0,0,0,0,0,0,0,0,0,0,0,0,0,0,0,0,0,0,0,0,0,0,0,0,0,0
"['Q12788', 'Q15269', 'Q8NI36', 'Q9NYH9', 'Q9UNX4', 'Q9Y5J1']",0,0,0,0,0,0,0,0,0,0,0,0,0,0,0,0,0,0,0,0,0,0,0,0,0,0,0,0,0
"['P49768', 'P49768', 'Q92542', 'Q96BI3', 'Q9NZ42']",0,0,0,0,0,0,0,0,0,0,0,0,0,0,0,0,0,0,0,0,0,0,0,0,0,0,0,0,0
"['P38398', 'P46736', 'P51587', 'Q06609', 'Q99728', 'Q9NXR7']",0,0,0,0,1,0,0,0,0,0,0,0,0,0,0,0,0,0,0,0,0,0,0,0,0,0,0,0,0
"['O75530', 'Q15022', 'Q15910', 'Q16576', 'Q5T6S3', 'Q96JN0']",0,0,0,0,0,0,0,0,0,0,0,0,0,0,0,0,0,0,0,0,0,0,0,0,0,0,0,0,0
"['P04839', 'P13498', 'P14598', 'P19878', 'P63000', 'Q15080']",0,0,0,0,0,0,0,0,0,0,0,0,0,0,0,0,0,0,0,0,0,0,0,0,0,0,0,0,0
"['A1L190', 'Q15431', 'Q6PIF2', 'Q8IZU3', 'Q8N0S2', 'Q9BX26', 'Q9BXU0']",0,0,0,0,0,0,0,0,0,0,0,0,0,0,0,0,0,0,0,0,0,0,0,0,0,0,0,0,0
"['O14497', 'O96019', 'P51532', 'P60709', 'Q12824', 'Q6STE5', 'Q8TAQ2', 'Q8WUB8', 'Q92922', 'Q969G3', 'Q96GM5']",0,0,0,0,0,0,0,0,0,0,0,0,0,0,0,0,0,0,0,0,0,0,0,0,0,0,0,0,0
"['O60524', 'O94822', 'P55072', 'Q8TAT6', 'Q92890', 'Q9BQ70']",0,0,0,0,0,0,0,0,0,0,0,0,0,0,0,0,0,0,0,0,0,0,0,0,0,0,0,0,0
"['P08708', 'P08865', 'P15880', 'P23396', 'P25398', 'P39019', 'P42677', 'P46781', 'P46782', 'P46783', 'P60866', 'P61247', 'P62081', 'P62241', 'P62244', 'P62249', 'P62263', 'P62266', 'P62269', 'P62273', 'P62277', 'P62280', 'P62701', 'P62753', 'P62841', 'P62847', 'P62851', 'P62854', 'P62857', 'P62861', 'P62979', 'P63220', 'P63244', 'Q71UM5']",0,0,0,0,0,0,0,0,0,0,0,0,0,0,0,0,0,0,0,0,0,0,0,0,0,0,0,0,0
"['B1AL88', 'P62158', 'Q8IZF0', 'Q8N2C7', 'Q9P2D8']",0,0,0,0,0,0,0,0,0,0,0,0,0,0,0,0,0,0,0,0,0,0,0,0,0,0,0,0,0
"['O43504', 'Q0VGL1', 'Q6IAA8', 'Q9UHA4', 'Q9Y2Q5']",0,0,0,0,0,0,0,0,0,0,0,0,0,0,0,0,0,0,0,0,0,0,0,0,0,0,0,0,0
"['O94805', 'P51531', 'P60709', 'Q12824', 'Q6STE5', 'Q8NFD5', 'Q8TAQ2', 'Q92782', 'Q92784', 'Q92922', 'Q969G3', 'Q96GM5']",0,0,0,0,0,0,0,0,0,0,0,0,0,0,0,0,0,0,0,0,0,0,0,0,0,0,0,0,0
"['O75817', 'O75818', 'O95707', 'P78345', 'P78346', 'Q969H6', 'Q99575', 'Q9BUL9']",0,0,0,0,0,0,0,0,0,0,0,0,0,0,0,0,0,0,0,0,0,0,0,0,0,0,0,0,0
"['O43292', 'Q92643', 'Q969N2', 'Q96S52', 'Q9H490']",0,0,0,0,0,0,0,0,0,0,0,0,0,0,0,0,0,0,0,0,0,0,0,0,0,0,0,0,0
"['P19784', 'P67870', 'Q86SE9', 'Q8IY57', 'Q8WXX7', 'Q99496']",0,0,0,0,0,0,0,0,0,0,0,0,0,0,0,0,0,0,0,0,0,0,0,0,0,0,0,0,0
"['O14497', 'O94805', 'P51532', 'P60709', 'Q12824', 'Q6STE5', 'Q8TAQ2', 'Q92782', 'Q92784', 'Q92922', 'Q969G3', 'Q96GM5']",0,0,0,0,0,0,0,0,0,0,0,0,0,0,0,0,0,0,0,0,0,0,0,0,0,0,0,0,0
"['O43719', 'O75533', 'P08579', 'P09661', 'P14678', 'P62304', 'P62306', 'P62308', 'P62314', 'P62316', 'P62318', 'Q12874', 'Q13435', 'Q15393', 'Q15427', 'Q15428', 'Q15459', 'Q7L014', 'Q7RTV0', 'Q8TAD8', 'Q9BRD0', 'Q9BWJ5', 'Q9Y388', 'Q9Y3B4']",0,0,0,0,0,0,0,0,0,0,0,0,0,0,0,0,0,0,0,0,0,0,0,0,0,0,0,0,0
"['O14925', 'O43615', 'O60830', 'P38646', 'P60602', 'Q3ZCQ8', 'Q8TAA5', 'Q96DA6', 'Q9BVV7', 'Q9HAV7', 'Q9Y3D7', 'Q9Y5T4']",0,0,0,0,0,0,0,0,0,0,0,0,0,0,0,0,0,0,0,0,0,0,0,0,0,0,0,0,0
"['O14497', 'O96019', 'P51531', 'P60709', 'Q12824', 'Q6STE5', 'Q8TAQ2', 'Q92784', 'Q92922', 'Q92925', 'Q969G3', 'Q96GM5']",0,0,0,0,0,0,0,0,0,0,0,0,0,0,0,0,0,0,0,0,0,0,0,0,0,0,0,0,0
"['P63208', 'Q06587', 'Q6W2J9', 'Q8N488', 'Q8NHM5', 'Q9BSM1']",0,0,0,0,0,0,0,0,0,0,0,0,0,0,0,0,0,0,0,0,0,0,0,0,0,0,0,0,0
"['P63208', 'Q06587', 'Q6W2J9', 'Q8IY57', 'Q8NHM5', 'Q9BSM1']",0,0,0,0,0,0,0,0,0,0,0,0,0,0,0,0,0,0,0,0,0,0,0,0,0,0,0,0,0
"['Q15061', 'Q8IWA0', 'Q8TED0', 'Q969X6', 'Q9H583', 'Q9H8H0']",0,0,0,0,0,0,0,0,0,0,0,0,0,0,0,0,0,0,0,0,0,0,0,0,0,0,0,0,0
"['P62072', 'Q53H12', 'Q6PF06', 'Q9BSF4', 'Q9Y584', 'Q9Y5J7']",0,0,0,0,0,0,0,0,0,0,0,0,0,0,0,0,0,0,0,0,0,0,0,0,0,0,0,0,0
"['P10244', 'Q09028', 'Q52LA3', 'Q5TKA1', 'Q6MZP7', 'Q96GY3']",0,0,0,0,0,0,0,0,0,0,0,0,0,0,0,0,0,0,0,0,0,0,0,0,0,0,0,0,0
"['P56597', 'P59910', 'Q5TD94', 'Q6P9G0', 'Q86UC2', 'Q8IYR0', 'Q8WWB3', 'Q8WYR4', 'Q96C74', 'Q96FJ2', 'Q9H1X1', 'Q9UHP6']",0,0,0,0,0,0,0,0,0,0,0,0,0,0,0,0,0,0,0,0,0,0,0,0,0,0,0,0,0
"['P19784', 'P67870', 'P68400', 'Q86SE9', 'Q8N488', 'Q8WXX7', 'Q99496']",0,0,0,0,0,0,0,0,0,0,0,0,0,0,0,0,0,0,0,0,0,0,0,0,0,0,0,0,0
"['Q12768', 'Q2M389', 'Q641Q2', 'Q6VEQ5', 'Q9Y3C0']",0,0,0,0,0,0,0,0,0,0,0,0,0,0,0,0,0,0,0,0,0,0,0,0,0,0,0,0,0
"['O95995', 'Q5JU00', 'Q5VUJ9', 'Q86XH1', 'Q8IXS2', 'Q8IY82', 'Q8NEE6', 'Q96DY2', 'Q96MC2', 'Q9H069', 'Q9H095']",0,0,0,0,0,0,0,0,0,0,0,0,0,0,0,0,0,0,0,0,0,0,0,0,0,0,0,0,0
"['O14925', 'O43615', 'P38646', 'P60602', 'Q3ZCQ8', 'Q8TAA5', 'Q96DA6', 'Q99595', 'Q9BVV7', 'Q9HAV7', 'Q9Y3D7', 'Q9Y5T4']",0,0,0,0,0,0,0,0,0,0,0,0,0,0,0,0,0,0,0,0,0,0,0,0,0,0,0,0,0
"['O14561', 'Q16595', 'Q6P4F2', 'Q9H1K1', 'Q9HD34', 'Q9Y697']",0,0,0,0,0,0,0,0,0,0,0,0,0,0,0,0,0,0,0,0,0,0,0,0,0,0,0,0,0
"['O75530', 'Q09028', 'Q15022', 'Q6ZN18', 'Q92800', 'Q92833']",0,0,0,0,0,0,0,0,0,0,0,0,0,0,0,0,0,0,0,0,0,0,0,0,0,0,0,0,0
"['P62877', 'Q13620', 'Q16531', 'Q66K64', 'Q9BW61']",0,0,0,0,0,0,0,0,0,0,0,0,0,0,0,0,0,0,0,0,0,0,0,0,0,0,0,0,0
"['O00231', 'O00232', 'O00487', 'O14818', 'O43242', 'P17980', 'P20618', 'P25786', 'P25787', 'P25788', 'P25789', 'P28066', 'P28070', 'P28072', 'P28074', 'P35998', 'P43686', 'P48556', 'P49720', 'P49721', 'P51665', 'P55036', 'P60896', 'P60900', 'P62191', 'P62195', 'P62333', 'Q13200', 'Q15008', 'Q16186', 'Q99436', 'Q99460', 'Q9UNM6']",0,0,0,0,0,0,0,0,0,0,0,0,0,0,0,0,0,0,0,0,0,0,0,0,0,0,0,0,0
"['P20226', 'Q15572', 'Q15573', 'Q53T94', 'Q9H5J8']",0,0,0,0,0,0,0,0,0,0,0,0,0,0,0,0,0,0,0,0,0,0,0,0,0,0,0,0,0
"['O43660', 'O75934', 'P11142', 'Q8WYA6', 'Q99459', 'Q9P013', 'Q9UMS4']",0,0,0,0,0,0,0,0,0,0,0,0,0,0,0,0,0,0,0,0,0,0,0,0,0,0,0,0,0
"['O14497', 'O96019', 'P51531', 'P60709', 'Q12824', 'Q6STE5', 'Q8TAQ2', 'Q92922', 'Q92925', 'Q969G3', 'Q96GM5']",0,0,0,0,0,0,0,0,0,0,0,0,0,0,0,0,0,0,0,0,0,0,0,0,0,0,0,0,0
"['P19784', 'P67870', 'Q3KNV8', 'Q8IY57', 'Q8WXX7', 'Q99496']",0,0,0,0,0,0,0,0,0,0,0,0,0,0,0,0,0,0,0,0,0,0,0,0,0,0,0,0,0
"['P19784', 'P67870', 'P68400', 'Q3KNV8', 'Q8N488', 'Q8WXX7', 'Q99496']",0,0,0,0,0,0,0,0,0,0,0,0,0,0,0,0,0,0,0,0,0,0,0,0,0,0,0,0,0
"['O75530', 'Q09028', 'Q15022', 'Q15910', 'Q5T6S3', 'Q96JN0']",0,0,0,0,0,0,0,0,0,0,0,0,0,0,0,0,0,0,0,0,0,0,0,0,0,0,0,0,0
"['O96019', 'P51531', 'P60709', 'Q15532', 'Q4VC05', 'Q8WUZ0', 'Q92922', 'Q96GM5', 'Q9BQE9', 'Q9H8M2', 'Q9NZM4']",0,0,0,0,0,1,0,0,0,0,0,1,0,0,1,1,1,0,0,0,0,0,1,1,0,0,0,0,0
"['P19784', 'P67870', 'P68400', 'Q3KNV8', 'Q8IY57', 'Q8WXX7', 'Q99496']",0,0,0,0,0,0,0,0,0,0,0,0,0,0,0,0,0,0,0,0,0,0,0,0,0,0,0,0,0
"['P62877', 'Q13617', 'Q15369', 'Q15370', 'Q96L50']",0,0,0,0,0,0,0,0,0,0,0,0,0,0,0,0,0,0,0,0,0,0,0,0,0,0,0,0,0
"['P63208', 'Q5H9F3', 'Q8N488', 'Q8NHM5', 'Q99496', 'Q9BSM1']",0,0,0,0,0,0,0,0,0,0,0,0,0,0,0,0,0,0,0,0,0,0,0,0,0,0,0,0,0
"['O96019', 'P51532', 'P60709', 'Q15532', 'Q4VC05', 'Q6AI39', 'Q8WUZ0', 'Q92922', 'Q96GM5', 'Q9BQE9', 'Q9H8M2']",0,0,0,0,0,0,0,0,0,0,0,0,0,0,0,0,0,0,0,0,0,0,1,1,0,0,0,0,0
"['O15514', 'P0CAP2', 'P19387', 'P19388', 'P24928', 'P30876', 'P36954', 'P52434', 'P52435', 'P53803', 'P61218', 'P62487', 'P62875']",0,0,0,0,0,0,0,0,0,0,0,0,0,0,0,0,0,0,0,0,0,0,0,0,0,0,0,0,0
"['Q52LJ0', 'Q8IWT0', 'Q8NCA5', 'Q92499', 'Q9BVC5', 'Q9Y224', 'Q9Y3I0']",0,0,0,0,0,0,0,0,0,0,0,0,0,0,0,0,0,0,0,0,0,0,0,0,0,0,0,0,0
"['Q06265', 'Q13868', 'Q15024', 'Q5RKV6', 'Q8TF46', 'Q96B26', 'Q9NPD3', 'Q9NQT4', 'Q9NQT5', 'Q9Y3B2']",0,0,0,0,0,0,0,0,0,0,0,0,0,0,0,0,0,0,0,0,0,0,0,0,0,0,0,0,0
"['O43189', 'O75530', 'Q15022', 'Q15910', 'Q16576', 'Q96JN0']",0,0,0,0,0,0,0,0,0,0,0,0,0,0,0,0,0,0,0,0,0,0,0,0,0,0,0,0,0
"['O14893', 'P57678', 'Q16637', 'Q8TEQ6', 'Q8WXD5', 'Q9H840', 'Q9NWZ8', 'Q9UHI6', 'Q9Y3F4']",0,0,0,0,0,0,0,0,0,0,0,0,0,0,0,0,0,0,0,0,0,0,0,0,0,0,0,0,0
"['O75182', 'O75446', 'P29374', 'Q09028', 'Q13547', 'Q16576', 'Q4LE39', 'Q5PSV4', 'Q92769', 'Q9H0E3', 'Q9H160', 'Q9H7L9', 'Q9HAJ7', 'Q9HCU9', 'Q9UK53']",0,0,0,0,0,0,0,0,0,0,0,0,0,0,0,0,0,0,0,0,0,0,0,0,0,0,0,0,0
"['A8K0Z3', 'Q12768', 'Q2M389', 'Q9Y3C0', 'Q9Y4E1']",0,0,0,0,0,0,0,0,0,0,0,0,0,0,0,0,0,0,0,0,0,0,0,0,0,0,0,0,0
"['O60293', 'P42285', 'Q86U42', 'Q8IXZ2', 'Q9P2N5']",0,0,0,0,0,0,0,0,0,0,0,0,0,0,0,0,0,0,0,0,0,0,0,0,0,0,0,0,0
"['A5YKK6', 'O75175', 'O95628', 'Q92600', 'Q9C0C2', 'Q9H9A5', 'Q9NZN8', 'Q9UIV1', 'Q9UKZ1', 'Q9ULM6']",0,0,0,0,0,0,0,0,0,0,0,0,0,0,0,0,0,0,0,0,0,0,0,0,0,0,0,0,0
"['O00303', 'O15371', 'O15372', 'O75821', 'O75822', 'P55884', 'P60228', 'Q13347', 'Q14152', 'Q7L2H7', 'Q99613', 'Q9UBQ5', 'Q9Y262']",0,0,0,0,0,0,0,0,0,0,0,0,0,0,0,0,0,0,0,0,0,0,0,0,0,0,0,0,0
"['O14802', 'O15160', 'O15318', 'O75575', 'P05423', 'P0DPB6', 'P19388', 'P52434', 'P53803', 'P61218', 'P62875', 'Q9BUI4', 'Q9H1D9', 'Q9NVU0', 'Q9NW08', 'Q9Y2Y1', 'Q9Y535']",0,0,0,0,0,0,0,0,0,0,0,0,0,0,0,0,0,0,0,0,0,0,0,0,0,0,0,0,0
"['P23458', 'P29597', 'Q08334', 'Q8IU54', 'Q8IU57']",0,0,0,0,0,0,0,0,0,0,0,0,0,0,0,0,0,0,0,0,0,0,0,0,0,0,0,0,0
"['O15294', 'P51610', 'P61964', 'Q7Z3B3', 'Q96EZ8', 'Q9BVI0', 'Q9H7Z6', 'Q9H9L4', 'Q9P2N6']",0,0,0,0,0,0,0,0,0,0,0,0,0,0,0,0,0,0,0,0,0,0,0,0,0,0,0,0,0
"['O75478', 'O75528', 'P61964', 'Q01658', 'Q8IYH5', 'Q92831', 'Q96ES7', 'Q9H8E8', 'Q9NS73', 'Q9ULM3']",0,0,0,0,0,0,0,0,0,0,0,0,0,0,0,0,0,0,0,0,0,0,0,0,0,0,0,0,0
"['O96019', 'P51531', 'P60709', 'Q12824', 'Q6STE5', 'Q8NFD5', 'Q8TAQ2', 'Q92922', 'Q92925', 'Q969G3', 'Q96GM5']",0,0,0,0,0,0,0,0,0,0,0,0,0,0,0,0,0,0,0,0,0,0,0,0,0,0,0,0,0
"['O94805', 'P51531', 'P60709', 'Q12824', 'Q6STE5', 'Q8NFD5', 'Q8TAQ2', 'Q92922', 'Q92925', 'Q969G3', 'Q96GM5']",0,0,0,0,0,0,0,0,0,0,0,0,0,0,0,0,0,0,0,0,0,0,0,0,0,0,0,0,0
"['A6NHQ4', 'O75530', 'Q15022', 'Q16576', 'Q92800', 'Q9Y483']",0,0,0,0,0,0,0,0,0,0,0,0,0,0,0,0,0,0,0,0,0,0,0,0,0,0,0,0,0
"['O94805', 'P51531', 'P60709', 'Q15532', 'Q4VC05', 'Q8WUZ0', 'Q92922', 'Q96GM5', 'Q9BQE9', 'Q9H8M2', 'Q9NZM4']",0,0,0,0,0,1,0,0,0,0,0,1,0,0,1,1,1,0,0,0,0,0,1,1,0,0,0,0,0
"['P49810', 'P49810', 'Q92542', 'Q96BI3', 'Q9NZ42']",0,0,0,0,0,0,0,0,0,0,0,0,0,0,0,0,0,0,0,0,0,0,0,0,0,0,0,0,0
"['P62877', 'Q13617', 'Q15369', 'Q15370', 'Q9BQ90']",0,0,0,0,0,0,0,0,0,0,0,0,0,0,0,0,0,0,0,0,0,0,0,0,0,0,0,0,0
"['A8K0Z3', 'Q12768', 'Q2M389', 'Q641Q2', 'Q9Y3C0']",0,0,0,0,0,0,0,0,0,0,0,0,0,0,0,0,0,0,0,0,0,0,0,0,0,0,0,0,0
"['O94805', 'P51532', 'P60709', 'Q12824', 'Q6STE5', 'Q8NFD5', 'Q8TAQ2', 'Q92784', 'Q92922', 'Q92925', 'Q969G3', 'Q96GM5']",0,0,0,0,0,0,0,0,0,0,0,0,0,0,0,0,0,0,0,0,0,0,0,0,0,0,0,0,0
"['O94805', 'P51531', 'P60709', 'Q12824', 'Q6STE5', 'Q8NFD5', 'Q8TAQ2', 'Q92784', 'Q92922', 'Q92925', 'Q969G3', 'Q96GM5']",0,0,0,0,0,0,0,0,0,0,0,0,0,0,0,0,0,0,0,0,0,0,0,0,0,0,0,0,0
"['A6NHQ4', 'O43189', 'O75530', 'Q15022', 'Q15910', 'Q16576']",0,0,0,0,0,0,0,0,0,0,0,0,0,0,0,0,0,0,0,0,0,0,0,0,0,0,0,0,0
"['O14497', 'O94805', 'P51532', 'P60709', 'Q12824', 'Q8TAQ2', 'Q92925', 'Q969G3']",0,0,0,0,0,0,0,0,0,0,0,0,0,0,0,0,0,0,0,0,0,0,0,0,0,0,0,0,0
"['O95639', 'Q10570', 'Q6UN15', 'Q92797', 'Q9C0J8', 'Q9P2I0', 'Q9UKF6']",0,0,0,0,0,0,0,0,0,0,0,0,0,0,0,0,0,0,0,0,0,0,0,0,0,0,0,0,0
"['O15342', 'O75348', 'O75787', 'O95670', 'P15313', 'P21281', 'P21283', 'P27449', 'P36543', 'P38606', 'P61421', 'Q13488', 'Q15904', 'Q16864', 'Q6P5S7', 'Q8N8Y2', 'Q8NEY4', 'Q8NHE4', 'Q96A05', 'Q96LB4', 'Q99437', 'Q9UI12', 'Q9Y5K8']",0,0,0,0,0,0,0,0,0,0,0,0,0,0,0,0,0,0,0,0,0,0,0,0,0,0,0,0,0
"['O15342', 'O75348', 'O75787', 'O95670', 'P15313', 'P21281', 'P21283', 'P27449', 'P36543', 'P38606', 'P61421', 'Q15904', 'Q16864', 'Q6P5S7', 'Q8N8Y2', 'Q8NEY4', 'Q8NHE4', 'Q96A05', 'Q96LB4', 'Q99437', 'Q9HBG4', 'Q9UI12', 'Q9Y5K8']",0,0,0,0,0,0,0,0,0,0,0,0,0,0,0,0,0,0,0,0,0,0,0,0,0,0,0,0,0
"['O00268', 'O15265', 'O75486', 'O75528', 'O75529', 'P49848', 'Q12962', 'Q14CW9', 'Q15542', 'Q15545', 'Q16514', 'Q16594', 'Q6P1X5', 'Q92830', 'Q9NPA8', 'Q9UPT9', 'Q9Y4A5']",0,0,0,0,0,0,0,0,0,0,0,0,0,0,0,0,0,0,0,0,0,0,0,0,0,0,0,0,0
"['O14497', 'O94805', 'P51531', 'P60709', 'Q12824', 'Q6STE5', 'Q8TAQ2', 'Q92784', 'Q92922', 'Q92925', 'Q969G3', 'Q96GM5']",0,0,0,0,0,0,0,0,0,0,0,0,0,0,0,0,0,0,0,0,0,0,0,0,0,0,0,0,0
"['O96019', 'P51532', 'P60709', 'Q15532', 'Q4VC05', 'Q8WUZ0', 'Q92922', 'Q96GM5', 'Q9BQE9', 'Q9H8M2', 'Q9NZM4']",0,0,0,0,0,0,0,0,0,0,0,0,0,0,0,0,0,0,0,0,0,0,1,1,0,0,0,0,0
"['P35249', 'P35250', 'P35251', 'P40937', 'P40938']",0,0,0,0,0,0,0,0,0,0,0,0,0,0,0,0,0,0,0,0,0,0,0,0,0,0,0,0,0
"['A0A5B9', 'P01848', 'P04234', 'P07766', 'P09693', 'P20963']",0,0,0,0,0,0,0,0,0,0,0,0,0,0,0,0,0,0,0,0,0,0,0,0,0,0,0,0,0
"['P61201', 'Q13098', 'Q7L5N1', 'Q92905', 'Q99627', 'Q9BT78', 'Q9H9Q2', 'Q9UNS2']",0,0,0,0,0,0,0,0,0,0,0,0,0,0,0,0,0,0,0,0,0,0,0,0,0,0,0,0,0
"['O94805', 'P51532', 'P60709', 'Q12824', 'Q8NFD5', 'Q8TAQ2', 'Q92925', 'Q969G3']",0,0,0,0,0,0,0,0,0,0,0,0,0,0,0,0,0,0,0,0,0,0,0,0,0,0,0,0,0
"['O60293', 'P42285', 'Q5T8P6', 'Q86U42', 'Q8IXZ2']",0,0,0,0,0,0,0,0,0,0,0,0,0,0,0,0,0,0,0,0,0,0,0,0,0,0,0,0,0
"['O14497', 'O94805', 'P51531', 'P60709', 'Q12824', 'Q8TAQ2', 'Q92925', 'Q969G3']",0,0,0,0,0,0,0,0,0,0,0,0,0,0,0,0,0,0,0,0,0,0,0,0,0,0,0,0,0
"['P40337', 'P62877', 'Q13617', 'Q15369', 'Q15370']",0,0,0,0,0,1,0,0,0,0,0,1,0,0,1,1,1,0,0,0,0,0,1,1,0,0,0,0,0
"['P67870', 'P68400', 'Q86SE9', 'Q8N488', 'Q8WXX7', 'Q99496']",0,0,0,0,0,0,0,0,0,0,0,0,0,0,0,0,0,0,0,0,0,0,0,0,0,0,0,0,0
"['Q12768', 'Q2M389', 'Q9NQA3', 'Q9Y3C0', 'Q9Y4E1']",0,0,0,0,0,0,0,0,0,0,0,0,0,0,0,0,0,0,0,0,0,0,0,0,0,0,0,0,0
"['O60674', 'P01579', 'P15260', 'P23458', 'P38484']",0,0,0,0,0,0,0,0,0,0,0,0,0,0,0,0,0,0,0,0,0,0,0,0,0,0,0,0,0
"['Q5TA45', 'Q68E01', 'Q6P9B9', 'Q75QN2', 'Q8N201', 'Q96CB8', 'Q96HW7', 'Q96SY0', 'Q9H0H0', 'Q9NV88', 'Q9NVH2', 'Q9NVM9', 'Q9NVR2', 'Q9UL03']",0,0,0,0,0,0,0,0,0,0,0,0,0,0,0,0,0,0,0,0,0,0,0,0,0,0,0,0,0
"['Q08999', 'Q09028', 'Q14186', 'Q14188', 'Q15329', 'Q16254', 'Q52LA3', 'Q5TKA1', 'Q6MZP7', 'Q96GY3']",0,0,0,0,0,0,0,0,0,0,0,0,0,0,0,0,0,0,0,0,0,0,0,0,0,0,0,0,0
"['P01024', 'P01024', 'P05156', 'P05156', 'P08603']",0,0,0,0,0,0,0,0,0,0,0,0,0,0,0,0,0,0,0,0,0,0,0,0,0,0,0,0,0
"['P17181', 'P23458', 'P29597', 'P32881', 'P48551']",0,0,0,0,0,0,0,0,0,0,0,0,0,0,0,0,0,0,0,0,0,0,0,0,0,0,0,0,0
"['P38398', 'P46736', 'Q6UWZ7', 'Q96RL1', 'Q99728', 'Q9NWV8', 'Q9NXR7']",0,0,0,0,0,0,0,0,0,0,0,0,0,0,0,0,0,0,0,0,0,0,0,0,0,0,0,0,0
"['O75530', 'Q15022', 'Q16576', 'Q92800', 'Q96JN0', 'Q9Y483']",0,0,0,0,0,0,0,0,0,0,0,0,0,0,0,0,0,0,0,0,0,0,0,0,0,0,0,0,0
"['O14497', 'O94805', 'P51532', 'P60709', 'Q12824', 'Q6STE5', 'Q8TAQ2', 'Q92784', 'Q92922', 'Q92925', 'Q969G3', 'Q96GM5']",0,0,0,0,0,0,0,0,0,0,0,0,0,0,0,0,0,0,0,0,0,0,0,0,0,0,0,0,0
"['P01024', 'P01024', 'P06681', 'P0C0L4', 'P0C0L4', 'P0C0L4']",0,0,0,0,0,0,0,0,0,0,0,0,0,0,0,0,0,0,0,0,0,0,0,0,0,0,0,0,0
"['P28749', 'Q09028', 'Q14186', 'Q14188', 'Q15329', 'Q16254', 'Q52LA3', 'Q5TKA1', 'Q6MZP7', 'Q96GY3']",0,0,0,0,0,0,0,0,0,0,0,0,0,0,0,0,0,0,0,0,0,0,0,0,0,0,0,0,0
"['O43617', 'O75865', 'P0DI81', 'Q7Z392', 'Q8IUR0', 'Q8WVT3', 'Q9UL33', 'Q9Y296', 'Q9Y2L5', 'Q9Y5R8']",0,0,0,0,0,0,1,0,0,0,0,0,0,0,0,0,0,0,0,0,0,0,0,0,0,0,0,0,0
"['O94805', 'P51532', 'P60709', 'Q12824', 'Q68CP9', 'Q86U86', 'Q8TAQ2', 'Q8WUB8', 'Q92922', 'Q92925', 'Q969G3', 'Q96GM5', 'Q9NPI1']",0,0,0,0,0,0,0,0,0,0,0,0,0,0,0,0,0,0,0,0,0,0,0,0,0,0,0,0,0
"['P11532', 'Q13326', 'Q13424', 'Q13884', 'Q14118', 'Q14118', 'Q14714', 'Q16585', 'Q16586', 'Q92629', 'Q9Y4J8']",0,0,0,0,0,0,0,0,0,0,0,0,0,0,0,0,0,0,0,0,0,0,0,0,0,0,0,0,0
"['O75530', 'Q09028', 'Q15022', 'Q5T6S3', 'Q92800', 'Q96JN0']",0,0,0,0,0,0,0,0,0,0,0,0,0,0,0,0,0,0,0,0,0,0,0,0,0,0,0,0,0
"['O96019', 'P51531', 'P60709', 'Q12824', 'Q6STE5', 'Q8NFD5', 'Q8TAQ2', 'Q8WUB8', 'Q92922', 'Q969G3', 'Q96GM5']",0,0,0,0,0,0,0,0,0,0,0,0,0,0,0,0,0,0,0,0,0,0,0,0,0,0,0,0,0
"['O95825', 'Q6ZMI0', 'Q8NB37', 'Q8TEA7', 'Q9NQ89']",0,0,0,0,0,0,0,0,0,0,0,0,0,0,0,0,0,0,0,0,0,0,0,0,0,0,0,0,0
"['P63208', 'Q6W2J9', 'Q8IY57', 'Q8NHM5', 'Q99496', 'Q9BSM1']",0,0,0,0,0,0,0,0,0,0,0,0,0,0,0,0,0,0,0,0,0,0,0,0,0,0,0,0,0
"['O00268', 'P20226', 'P21675', 'P49848', 'Q12962', 'Q15542', 'Q15543', 'Q15544', 'Q15545', 'Q16514', 'Q16594', 'Q5VWG9', 'Q6P1X5', 'Q7Z7C8']",0,0,0,0,0,0,0,0,0,0,0,0,0,0,0,0,0,0,0,0,0,0,0,0,0,0,0,0,0
"['P01569', 'P17181', 'P23458', 'P29597', 'P48551']",0,0,0,0,0,0,0,0,0,0,0,0,0,0,0,0,0,0,0,0,0,0,0,0,0,0,0,0,0
"['O75394', 'P09001', 'P49406', 'P52815', 'Q13084', 'Q13405', 'Q14197', 'Q16540', 'Q4U2R6', 'Q5T653', 'Q6P161', 'Q6P1L8', 'Q7Z2W9', 'Q7Z7F7', 'Q7Z7H8', 'Q86TS9', 'Q8IXM3', 'Q8N5N7', 'Q8N983', 'Q8TAE8', 'Q8TCC3', 'Q96A35', 'Q96DV4', 'Q96EL3', 'Q96GC5', 'Q9BQ48', 'Q9BQC6', 'Q9BRJ2', 'Q9BYC8', 'Q9BYC9', 'Q9BYD1', 'Q9BYD2', 'Q9BYD3', 'Q9BYD6', 'Q9BZE1', 'Q9H0U6', 'Q9H2W6', 'Q9H9J2', 'Q9HD33', 'Q9NP92', 'Q9NQ50', 'Q9NRX2', 'Q9NVS2', 'Q9NWU5', 'Q9NX20', 'Q9NYK5', 'Q9NZE8', 'Q9P015', 'Q9P0J6', 'Q9P0M9', 'Q9Y3B7', 'Q9Y6G3']",0,0,0,0,0,0,0,0,0,0,0,0,0,0,0,0,0,0,0,0,0,0,0,0,0,0,0,0,0
"['O43257', 'O95619', 'O96019', 'Q15906', 'Q6ZRS2', 'Q9GZN1', 'Q9NPF5', 'Q9Y230', 'Q9Y265']",0,0,0,0,0,0,0,0,0,0,0,0,0,0,0,0,0,0,0,0,0,0,0,0,0,0,0,0,0
"['O94855', 'O94979', 'O95486', 'O95487', 'P53992', 'P55735', 'Q9NQW1', 'Q9NR31', 'Q9Y6B6']",0,0,0,0,0,0,0,0,0,0,0,0,0,0,0,0,0,0,0,0,0,0,0,0,0,0,0,0,0
"['Q01780', 'Q06265', 'Q13868', 'Q15024', 'Q5RKV6', 'Q96B26', 'Q9NPD3', 'Q9NQT4', 'Q9NQT5', 'Q9Y2L1', 'Q9Y3B2']",0,0,0,0,0,0,0,0,0,0,0,0,0,0,0,0,0,0,0,0,0,0,0,0,0,0,0,0,0
"['P26196', 'Q6P2E9', 'Q8IU60', 'Q8IZD4', 'Q8IZH2', 'Q96F86']",0,0,0,0,0,0,0,0,0,0,0,0,0,0,0,0,0,0,0,0,0,0,0,0,0,0,0,0,0
"['O14497', 'O96019', 'P51532', 'P60709', 'Q12824', 'Q6STE5', 'Q8TAQ2', 'Q92922', 'Q92925', 'Q969G3', 'Q96GM5']",0,0,0,0,0,0,0,0,0,0,0,0,0,0,0,0,0,0,0,0,0,0,0,0,0,0,0,0,0
"['Q8IX21', 'Q8IY18', 'Q8N140', 'Q8WV22', 'Q96MF7', 'Q96MG7', 'Q96SB8', 'Q9BQI6']",0,0,0,0,0,0,0,0,0,0,0,0,0,0,0,0,0,0,0,0,0,0,0,0,0,0,0,0,0
"['P00736', 'P00736', 'P02745', 'P02746', 'P02747', 'P09871', 'P09871']",0,0,0,0,0,0,0,0,0,0,0,0,0,0,0,0,0,0,0,0,0,0,0,0,0,0,0,0,0
"['O15047', 'P51610', 'P61964', 'Q15291', 'Q6UXN9', 'Q9C005', 'Q9P0U4', 'Q9UBL3', 'Q9Y5Z7']",0,0,0,0,0,0,0,0,0,0,0,0,0,0,0,0,0,0,0,0,0,0,0,0,0,0,0,0,0
"['O94776', 'O95983', 'Q09028', 'Q12873', 'Q13330', 'Q13547', 'Q14839', 'Q16576', 'Q86YP4', 'Q8WXI9', 'Q92769', 'Q9BTC8']",0,0,0,0,0,0,0,0,0,0,0,0,0,0,0,0,0,0,0,0,0,0,0,0,0,0,0,0,0
"['P17987', 'P40227', 'P48643', 'P49368', 'P50990', 'P50991', 'P78371', 'Q99832']",0,0,0,0,0,0,0,0,0,0,0,0,0,0,0,0,0,0,0,0,0,0,0,0,0,0,0,0,0
"['P05386', 'P05387', 'P05388', 'P18077', 'P18124', 'P18621', 'P26373', 'P27635', 'P30050', 'P32969', 'P35268', 'P36578', 'P39023', 'P40429', 'P42766', 'P46776', 'P46777', 'P46778', 'P46779', 'P47914', 'P49207', 'P50914', 'P61254', 'P61313', 'P61353', 'P61513', 'P61927', 'P62424', 'P62750', 'P62829', 'P62888', 'P62891', 'P62899', 'P62906', 'P62910', 'P62913', 'P62917', 'P62945', 'P62987', 'P63173', 'P83731', 'P83881', 'P84098', 'Q02543', 'Q02878', 'Q07020', 'Q6P5R6', 'Q969Q0', 'Q9UNX3', 'Q9Y3U8']",0,0,0,0,0,0,0,0,0,0,0,0,0,0,0,0,0,0,0,0,0,0,0,0,0,0,0,0,0
"['O15144', 'O15145', 'P59998', 'P61160', 'Q92747', 'Q9BPX5', 'Q9P1U1']",0,0,0,0,0,0,0,0,0,0,0,0,0,0,0,0,0,0,0,0,0,0,0,0,0,0,0,0,0
"['P01574', 'P17181', 'P23458', 'P29597', 'P48551']",0,0,0,0,0,0,0,0,0,0,0,0,0,0,0,0,0,0,0,0,0,0,0,0,0,0,0,0,0
"['P67870', 'P68400', 'Q86SE9', 'Q8IY57', 'Q8WXX7', 'Q99496']",0,0,0,0,0,0,0,0,0,0,0,0,0,0,0,0,0,0,0,0,0,0,0,0,0,0,0,0,0
"['A5PLN9', 'O43617', 'P0DI81', 'P48553', 'Q86SZ2', 'Q8IUR0', 'Q96Q05', 'Q9UL33', 'Q9Y296', 'Q9Y5R8']",0,0,0,0,0,0,1,0,0,0,0,0,0,0,0,0,0,0,0,0,0,0,0,0,0,0,0,0,0
"['K9M1U5', 'P23458', 'P29597', 'Q08334', 'Q8IU57']",0,0,0,0,0,0,0,0,0,0,0,0,0,0,0,0,0,0,0,0,0,0,0,0,0,0,0,0,0
"['P62877', 'P63208', 'Q13616', 'Q14999', 'Q8N3Y1']",0,0,0,0,0,0,0,0,0,0,0,0,0,0,0,0,0,0,0,0,0,0,0,0,0,0,0,0,0
"['O75947', 'O75964', 'P00846', 'P03928', 'P05496', 'P06576', 'P18859', 'P24539', 'P25705', 'P30049', 'P36542', 'P48047', 'P48201', 'P56134', 'P56378', 'P56381', 'P56385', 'Q06055', 'Q5VTU8', 'Q7Z4Y8', 'Q96IX5']",0,0,0,0,0,0,0,0,0,0,0,0,0,0,0,0,0,0,0,0,0,0,0,0,0,0,0,0,0
"['Q7Z6J9', 'Q8NCE0', 'Q8WW01', 'Q92989', 'Q9BSV6']",0,0,0,0,0,0,0,0,0,0,0,0,0,0,0,0,0,0,0,0,0,0,0,0,0,0,0,0,0
"['P19784', 'P67870', 'Q06587', 'Q86SE9', 'Q8N488', 'Q8WXX7']",0,0,0,0,0,0,0,0,0,0,0,0,0,0,0,0,0,0,0,0,0,0,0,0,0,0,0,0,0
"['A5D8V7', 'Q5T2S8', 'Q96M63', 'Q96NG3', 'Q9HAE3']",0,0,0,0,0,0,0,0,0,0,0,0,0,0,0,0,0,0,0,0,0,0,0,0,0,0,0,0,0
"['O43402', 'Q15006', 'Q5J8M3', 'Q5UCC4', 'Q8N4V1', 'Q8N766', 'Q9BV81', 'Q9NPA0', 'Q9P0I2']",0,0,0,0,0,0,0,0,0,0,0,0,0,0,0,0,0,0,0,0,0,0,0,0,0,0,0,0,0
"['O00255', 'P51610', 'P61964', 'Q03164', 'Q15291', 'Q9C005', 'Q9UBL3', 'Q9Y5Z7']",0,0,0,0,0,0,0,0,0,0,0,0,0,0,0,0,0,0,0,0,0,0,0,0,0,0,0,0,0
"['P46939', 'Q13326', 'Q13424', 'Q13884', 'Q14118', 'Q14118', 'Q14714', 'Q16585', 'Q16586', 'Q92629', 'Q9Y4J8']",0,0,0,0,0,0,0,0,0,0,0,0,0,0,0,0,0,0,0,0,0,0,0,0,0,0,0,0,0
"['O43189', 'O75530', 'Q09028', 'Q15022', 'Q92800', 'Q96JN0']",0,0,0,0,0,0,0,0,0,0,0,0,0,0,0,0,0,0,0,0,0,0,0,0,0,0,0,0,0
"['P62877', 'Q13619', 'Q16531', 'Q66K64', 'Q9BW61']",0,0,0,0,0,0,0,0,0,0,0,0,0,0,0,0,0,0,0,0,0,0,0,0,0,0,0,0,0
"['O94927', 'Q68CZ6', 'Q7Z4H7', 'Q96CS2', 'Q99871', 'Q9BT25', 'Q9H6D7', 'Q9NVX0']",0,0,0,0,0,0,0,0,0,0,0,0,0,0,0,0,0,0,0,0,0,0,0,0,0,0,0,0,0
"['O43237', 'P63167', 'P63172', 'Q13409', 'Q14204', 'Q9NP97']",0,0,0,0,0,0,0,0,0,0,0,0,0,0,0,0,0,0,0,0,0,0,0,0,0,0,0,0,0
"['O75478', 'O75528', 'P61964', 'Q01658', 'Q8IYH5', 'Q92830', 'Q96ES7', 'Q9H8E8', 'Q9NS73', 'Q9ULM3']",0,0,0,0,0,0,0,0,0,0,0,0,0,0,0,0,0,0,0,0,0,0,0,0,0,0,0,0,0
"['P04839', 'P13498', 'P14598', 'P15153', 'P19878', 'Q15080']",0,0,0,0,0,0,0,0,0,0,0,0,0,0,0,0,0,0,0,0,0,0,0,0,0,0,0,0,0
"['Q01780', 'Q06265', 'Q13868', 'Q15024', 'Q5RKV6', 'Q8TF46', 'Q96B26', 'Q9NPD3', 'Q9NQT4', 'Q9NQT5', 'Q9Y3B2']",0,0,0,0,0,0,0,0,0,0,0,0,0,0,0,0,0,0,0,0,0,0,0,0,0,0,0,0,0
"['O75530', 'Q15022', 'Q16576', 'Q6ZN18', 'Q92800', 'Q92833']",0,0,0,0,0,0,0,0,0,0,0,0,0,0,0,0,0,0,0,0,0,0,0,0,0,0,0,0,0
"['O75817', 'O75818', 'O95059', 'O95707', 'P78345', 'P78346', 'Q969H6', 'Q99575', 'Q9BUL9', 'Q9H633']",0,0,0,0,0,0,0,0,0,0,0,0,0,0,0,0,0,0,0,0,0,0,0,0,0,0,0,0,0
"['O75152', 'P82979', 'P84090', 'Q13769', 'Q13838', 'Q53F19', 'Q6I9Y2', 'Q86V81', 'Q86W42', 'Q8NI27', 'Q96FV9', 'Q96J01', 'Q96QD9', 'Q9BY77', 'Q9P127', 'Q9Y3Y2']",0,0,0,0,0,0,0,0,0,0,0,0,0,0,0,0,0,0,0,0,0,0,0,0,0,0,0,0,0
"['O75530', 'Q15022', 'Q15910', 'Q16576', 'Q96JN0', 'Q9Y483']",0,0,0,0,0,0,0,0,0,0,0,0,0,0,0,0,0,0,0,0,0,0,0,0,0,0,0,0,0
"['O00483', 'P00395', 'P00403', 'P00414', 'P09669', 'P10176', 'P10606', 'P12074', 'P13073', 'P14406', 'P14854', 'P15954', 'P20674', 'P24311']",0,0,0,0,0,0,0,0,0,0,0,0,0,0,0,0,0,0,0,0,0,0,0,0,0,0,0,0,0
"['A5PLN9', 'O43617', 'P0DI82', 'P48553', 'Q86SZ2', 'Q8IUR0', 'Q96Q05', 'Q9UL33', 'Q9Y296', 'Q9Y5R8']",0,0,0,0,0,0,1,0,0,0,0,0,0,0,0,0,0,0,0,0,0,0,0,0,0,0,0,0,0
"['P01570', 'P17181', 'P23458', 'P29597', 'P48551']",0,0,0,0,0,0,0,0,0,0,0,0,0,0,0,0,0,0,0,0,0,0,0,0,0,0,0,0,0
"['O95295', 'P78537', 'Q6QNY1', 'Q969J3', 'Q96B45', 'Q96FH0', 'Q96GS4', 'Q9BQD3']",0,0,0,0,0,0,0,0,0,0,0,0,0,0,0,0,0,0,0,0,0,0,0,0,0,0,0,0,0
"['O15144', 'O15145', 'P59998', 'P61158', 'P61160', 'Q92747', 'Q9BPX5']",0,0,0,0,0,0,0,0,0,0,0,0,0,0,0,0,0,0,0,0,0,0,0,0,0,0,0,0,0
"['P19784', 'P67870', 'P68400', 'Q86SE9', 'Q8IY57', 'Q8WXX7', 'Q99496']",0,0,0,0,0,0,0,0,0,0,0,0,0,0,0,0,0,0,0,0,0,0,0,0,0,0,0,0,0
"['O00330', 'P08559', 'P09622', 'P10515', 'P11177']",0,0,0,0,0,0,0,0,0,0,0,0,0,0,0,0,0,0,0,0,0,0,0,0,0,0,0,0,0
"['O60318', 'P41208', 'P60896', 'Q5JVF3', 'Q9NPA8']",0,0,0,0,0,0,0,0,0,0,0,0,0,0,0,0,0,0,0,0,0,0,0,0,0,0,0,0,0
"['O14802', 'O15160', 'O75575', 'P05423', 'P0DPB6', 'P19388', 'P52434', 'P53803', 'P61218', 'P62875', 'Q9BT43', 'Q9BUI4', 'Q9H1D9', 'Q9NVU0', 'Q9NW08', 'Q9Y2Y1', 'Q9Y535']",0,0,0,0,0,0,0,0,0,0,0,0,0,0,0,0,0,0,0,0,0,0,0,0,0,0,0,0,0
"['A6NHQ4', 'O43189', 'O75530', 'Q09028', 'Q15022', 'Q92800']",0,0,0,0,0,0,0,0,0,0,0,0,0,0,0,0,0,0,0,0,0,0,0,0,0,0,0,0,0
"['P62877', 'Q13617', 'Q15369', 'Q15370', 'Q9C0D3']",0,0,0,0,0,0,0,0,0,0,0,0,0,0,0,0,0,0,0,0,0,0,0,0,0,0,0,0,0
"['P06746', 'P18887', 'P49916', 'Q7Z2E3', 'Q8IW19', 'Q96T60', 'Q9NUW8']",0,0,0,0,0,0,0,0,0,0,0,0,0,0,0,0,0,0,0,0,0,0,0,0,0,0,0,0,0
"['P01848', 'P01850', 'P04234', 'P07766', 'P09693', 'P20963']",0,0,0,0,0,0,0,0,0,0,0,0,0,0,0,0,0,0,0,0,0,0,0,0,0,0,0,0,0
"['O43324', 'P07814', 'P14868', 'P41252', 'P47897', 'P54136', 'P56192', 'Q12904', 'Q13155', 'Q15046', 'Q9P2J5']",0,0,0,0,0,0,0,0,0,0,0,0,0,0,0,0,0,0,0,0,0,0,0,0,0,0,0,0,0
"['P30260', 'P60006', 'Q13042', 'Q8NHZ8', 'Q96DE5', 'Q9BS18', 'Q9H1A4', 'Q9NYG5', 'Q9UJX2', 'Q9UJX3', 'Q9UJX4', 'Q9UJX5', 'Q9UJX6', 'Q9UM13']",0,0,0,0,0,0,0,0,0,0,0,0,0,0,0,0,0,0,0,0,0,0,0,0,0,0,0,0,0
"['P30260', 'P60006', 'Q13042', 'Q8NHZ8', 'Q96DE5', 'Q9BS18', 'Q9H1A4', 'Q9NYG5', 'Q9UJX2', 'Q9UJX3', 'Q9UJX4', 'Q9UJX5', 'Q9UJX6', 'Q9UM11', 'Q9UM13']",0,0,0,0,0,0,0,0,0,0,0,0,0,0,0,0,0,0,0,0,0,0,0,0,0,0,0,0,0
"['Q7Z4L5', 'Q8NEZ3', 'Q96FT9', 'Q96RY7', 'Q9HBG6', 'Q9P2L0']",0,0,0,0,0,0,0,0,0,0,0,0,0,0,0,0,0,0,0,0,0,0,0,0,0,0,0,0,0
"['P23458', 'P29597', 'Q08334', 'Q8IU57', 'Q8IZJ0']",0,0,0,0,0,0,0,0,0,0,0,0,0,0,0,0,0,0,0,0,0,0,0,0,0,0,0,0,0
"['P01031', 'P01031', 'P02748', 'P07357', 'P07358', 'P07360', 'P10643', 'P13671']",0,0,0,0,0,0,0,0,0,0,0,0,0,0,0,0,0,0,0,0,0,0,0,0,0,0,0,0,0
"['P62877', 'Q13617', 'Q15369', 'Q15370', 'Q9Y2U9']",0,0,0,0,0,0,0,0,0,0,0,0,0,0,0,0,0,0,0,0,0,0,0,0,0,0,0,0,0
"['P14678', 'P62304', 'P62306', 'P62308', 'P62314', 'P62316', 'P62318']",0,0,0,0,0,0,0,0,0,0,0,0,0,0,0,0,0,0,0,0,0,0,0,0,0,0,0,0,0
"['O43556', 'O60941', 'P11532', 'Q13424', 'Q14118', 'Q14118', 'Q96LD1', 'Q9NSN8']",0,0,0,0,0,0,0,0,0,0,0,0,0,0,0,0,0,0,0,0,0,0,0,0,0,0,0,0,0
"['O60941', 'P11532', 'Q13326', 'Q13424', 'Q13884', 'Q14118', 'Q14118', 'Q14714', 'Q16585', 'Q16586', 'Q92629']",0,0,0,0,0,0,0,0,0,0,0,0,0,0,0,0,0,0,0,0,0,0,0,0,0,0,0,0,0
"['O96019', 'P0C1Z6', 'P25490', 'Q53TQ3', 'Q6P4R8', 'Q6PI98', 'Q8NBZ0', 'Q96EZ8', 'Q9C086', 'Q9H981', 'Q9H9F9', 'Q9ULG1', 'Q9Y230', 'Q9Y265', 'Q9Y5K5']",0,0,0,0,0,0,0,0,0,0,0,0,0,0,1,0,0,0,0,0,0,0,0,0,0,0,0,0,0
"['O94805', 'P51531', 'P60709', 'Q15532', 'Q4VC05', 'Q6AI39', 'Q8WUZ0', 'Q92922', 'Q96GM5', 'Q9BQE9', 'Q9H8M2']",0,0,0,0,0,0,0,0,0,0,0,0,0,0,0,0,0,0,0,0,0,0,1,1,0,0,0,0,0
"['O95163', 'Q0PNE2', 'Q6IA86', 'Q8TE02', 'Q96EB1', 'Q9H9T3']",0,0,0,0,0,0,0,0,0,0,0,0,0,0,0,0,0,0,0,0,0,0,0,0,0,0,0,0,0
"['P04843', 'P04844', 'P0C6T2', 'P39656', 'P61165', 'P61803', 'Q14165', 'Q8TCJ2', 'Q9H0U3']",0,0,0,0,0,0,0,0,0,0,0,0,0,0,0,0,0,0,0,0,0,0,0,0,0,0,0,0,0
"['P62699', 'Q6VN20', 'Q7L5Y9', 'Q8IUR7', 'Q8IVV7', 'Q9H7D7', 'Q9H871', 'Q9NWU2', 'Q9UL63']",0,0,0,0,0,0,0,0,0,0,0,0,0,0,0,0,0,0,0,0,0,0,0,0,0,0,0,0,0
"['O14949', 'O14957', 'P00156', 'P07919', 'P08574', 'P14927', 'P22695', 'P31930', 'P47985', 'P47985', 'Q9UDW1']",0,0,0,0,0,0,0,0,0,0,0,0,0,0,0,0,0,0,0,0,0,0,0,0,0,0,0,0,0
"['O14746', 'O60832', 'Q9BUR4', 'Q9NPE3', 'Q9NX24', 'Q9NY12']",0,0,1,1,0,0,0,0,0,0,0,1,0,1,1,1,0,0,0,0,0,0,0,1,0,0,0,0,0
"['P62877', 'Q13617', 'Q15369', 'Q15370', 'Q96JP0']",0,0,0,0,0,0,0,0,0,0,0,0,0,0,0,0,0,0,0,0,0,0,0,0,0,0,0,0,0
"['A6NGQ2', 'P59047', 'Q587J8', 'Q6TGC4', 'Q8WX94', 'Q9H808', 'Q9NX02']",0,0,0,0,0,0,0,0,0,0,0,0,0,0,0,0,0,0,0,0,0,0,0,0,0,0,0,0,0
"['O15504', 'O75694', 'P12270', 'P35658', 'P37198', 'P49790', 'P49792', 'P52948', 'P52948', 'P55735', 'P57740', 'P78406', 'Q12769', 'Q53GS7', 'Q5SRE5', 'Q7Z3B4', 'Q8N1F7', 'Q8NFH3', 'Q8NFH4', 'Q8NFH5', 'Q8TEM1', 'Q8WUM0', 'Q8WYP5', 'Q92621', 'Q96EE3', 'Q96HA1', 'Q99567', 'Q9BTX1', 'Q9BVL2', 'Q9BW27', 'Q9NRG9', 'Q9UKX7']",0,0,0,0,0,0,0,0,0,0,0,0,0,0,0,0,0,0,0,0,0,0,0,0,0,0,0,0,0
"['O75461', 'P61244', 'Q14186', 'Q8IWI9', 'Q8N488', 'Q969R5', 'Q99496', 'Q9BYE7']",0,0,0,0,0,0,0,0,0,0,0,0,0,0,0,0,0,0,0,0,0,0,0,0,0,0,0,0,0
"['P19784', 'P67870', 'Q06587', 'Q86SE9', 'Q8IY57', 'Q8WXX7']",0,0,0,0,0,0,0,0,0,0,0,0,0,0,0,0,0,0,0,0,0,0,0,0,0,0,0,0,0
"['P10244', 'Q08050', 'Q09028', 'Q52LA3', 'Q5TKA1', 'Q6MZP7', 'Q96GY3']",0,0,0,0,0,0,0,0,0,0,0,0,0,0,0,0,0,0,0,0,0,0,0,0,0,0,0,0,0
"['A6NHQ4', 'O75530', 'Q09028', 'Q15022', 'Q92800', 'Q9Y483']",0,0,0,0,0,0,0,0,0,0,0,0,0,0,0,0,0,0,0,0,0,0,0,0,0,0,0,0,0
"['O75419', 'P25205', 'P33991', 'P33992', 'P33993', 'P49736', 'Q14566', 'Q14691', 'Q9BRT9', 'Q9BRX5', 'Q9Y248']",0,0,0,0,0,0,0,0,0,0,0,0,0,0,0,0,0,0,0,0,0,0,0,0,0,0,0,0,0
"['O15212', 'O60925', 'P61758', 'Q99471', 'Q9NQP4', 'Q9UHV9']",0,0,0,0,0,0,0,0,0,0,0,0,0,0,0,0,0,0,0,0,0,0,0,0,0,0,0,0,0
"['A6NHQ4', 'O75530', 'Q15022', 'Q16576', 'Q5T6S3', 'Q92800']",0,0,0,0,0,0,0,0,0,0,0,0,0,0,0,0,0,0,0,0,0,0,0,0,0,0,0,0,0
"['Q13573', 'Q8TAD8', 'Q9H307', 'Q9NYF8', 'Q9Y2W1']",0,0,0,0,0,0,0,0,0,0,0,0,0,0,0,0,0,0,0,0,0,0,0,0,0,0,0,0,0
"['P07359', 'P13224', 'P14770', 'P21333', 'P40197']",0,0,0,0,0,0,0,0,0,0,0,0,0,0,0,0,0,0,0,0,0,0,0,0,0,0,0,0,0
"['O95295', 'P78537', 'Q6QNY0', 'Q6QNY1', 'Q8TDH9', 'Q96EV8', 'Q9NUP1', 'Q9UL45']",0,0,0,0,0,0,0,0,0,0,0,0,0,0,0,0,0,0,0,0,0,0,0,0,0,0,0,0,0
"['P01562', 'P17181', 'P23458', 'P29597', 'P48551']",0,0,0,0,0,0,0,0,0,0,0,0,0,0,0,0,0,0,0,0,0,0,0,0,0,0,0,0,0
"['O15265', 'O75486', 'O75528', 'O75529', 'O94864', 'Q12962', 'Q14CW9', 'Q15393', 'Q16514', 'Q16594', 'Q86TJ2', 'Q8NEM7', 'Q92831', 'Q96BN2', 'Q96ES7', 'Q9BWJ5', 'Q9NPA8', 'Q9UPT9', 'Q9Y4A5', 'Q9Y6J9']",0,0,0,0,0,0,0,0,0,0,0,0,0,0,0,0,0,0,0,0,0,0,0,0,0,0,0,0,0
"['O00330', 'P09622', 'P10515', 'P11177', 'P29803']",0,0,0,0,0,0,0,0,0,0,0,0,0,0,0,0,0,0,0,0,0,0,0,0,0,0,0,0,0
"['O14686', 'O15550', 'P61964', 'Q14686', 'Q15291', 'Q6ZW49', 'Q9BTK6', 'Q9C005', 'Q9UBL3']",0,0,0,0,0,0,0,0,0,0,0,0,1,0,0,1,1,0,0,0,0,0,0,1,0,0,0,0,0
"['O60306', 'Q96NB3', 'Q9HCS7', 'Q9ULR0', 'Q9UNP9']",0,0,0,0,0,0,0,0,0,0,0,0,0,0,0,0,0,0,0,0,0,0,0,0,0,0,0,0,0
"['O60934', 'P38398', 'P49959', 'Q92878', 'Q99708', 'Q99728']",0,0,0,0,0,0,0,0,0,0,0,0,0,0,0,0,0,0,0,0,0,0,0,0,0,0,0,0,0
"['A8MTZ0', 'Q3SYG4', 'Q8IWZ6', 'Q8N3I7', 'Q8NFJ9', 'Q8TAM2', 'Q96RK4', 'Q9BXC9']",0,0,0,0,0,0,0,0,0,0,0,0,0,0,0,0,0,0,0,0,0,0,0,0,0,0,0,0,0
"['P19784', 'P67870', 'Q3KNV8', 'Q8N488', 'Q8WXX7', 'Q99496']",0,0,0,0,0,0,0,0,0,0,0,0,0,0,0,0,0,0,0,0,0,0,0,0,0,0,0,0,0
"['B7Z8K6', 'P03986', 'P07766', 'P09693', 'P20963']",0,0,0,0,0,0,0,0,0,0,0,0,0,0,0,0,0,0,0,0,0,0,0,0,0,0,0,0,0
"['O95347', 'P42695', 'Q6IBW4', 'Q86XI2', 'Q9NTJ3']",0,0,0,0,0,0,0,0,0,0,0,0,0,0,0,0,0,0,0,0,0,0,0,0,0,0,0,0,0
"['O43633', 'Q7LBR1', 'Q8WUX9', 'Q96CF2', 'Q96FZ7', 'Q9BY43', 'Q9H444', 'Q9HD42', 'Q9NZZ3', 'Q9UQN3', 'Q9Y3E7']",0,0,0,0,0,0,0,0,0,0,0,0,0,0,0,0,0,0,0,0,0,0,0,0,0,0,0,0,0
"['A5YKK6', 'O75175', 'O95628', 'Q92600', 'Q96LI5', 'Q9C0C2', 'Q9H9A5', 'Q9NZN8', 'Q9UIV1', 'Q9UKZ1']",0,0,0,0,0,0,0,0,0,0,0,0,0,0,0,0,0,0,0,0,0,0,0,0,0,0,0,0,0
"['P62877', 'Q13617', 'Q15369', 'Q15370', 'Q7Z7L7']",0,0,0,0,0,0,0,0,0,0,0,0,0,0,0,0,0,0,0,0,0,0,0,0,0,0,0,0,0
"['O95922', 'Q68CL5', 'Q6ZTW0', 'Q8IUZ0', 'Q9BSH3']",0,0,0,0,0,0,0,0,0,0,0,0,0,0,0,0,0,0,0,0,0,0,0,0,0,0,0,0,0
"['P05015', 'P17181', 'P23458', 'P29597', 'P48551']",0,0,0,0,0,0,0,0,0,0,0,0,0,0,0,0,0,0,0,0,0,0,0,0,0,0,0,0,0
"['P54289', 'P54289', 'Q02641', 'Q06432', 'Q13698']",0,0,0,0,0,0,0,0,0,0,0,0,0,0,0,0,0,0,0,0,0,0,0,0,0,0,0,0,0
"['P01563', 'P17181', 'P23458', 'P29597', 'P48551']",0,0,0,0,0,0,0,0,0,0,0,0,0,0,0,0,0,0,0,0,0,0,0,0,0,0,0,0,0
"['O75943', 'P35249', 'P35250', 'P40937', 'P40938']",0,0,0,0,0,0,0,0,0,0,0,0,0,0,0,0,0,0,0,0,0,0,0,0,0,0,0,0,0
"['O00217', 'O14561', 'O15239', 'O43181', 'O43674', 'O43676', 'O43677', 'O43678', 'O43920', 'O75251', 'O75306', 'O75380', 'O75438', 'O75489', 'O95139', 'O95167', 'O95168', 'O95169', 'O95178', 'O95182', 'O95298', 'O95299', 'O96000', 'P03886', 'P03891', 'P03897', 'P03901', 'P03905', 'P03915', 'P03923', 'P17568', 'P19404', 'P28331', 'P49821', 'P51970', 'P56181', 'P56556', 'Q16718', 'Q16795', 'Q86Y39', 'Q9NX14', 'Q9P0J0', 'Q9UI09', 'Q9Y6M9']",0,0,0,0,0,0,0,0,0,0,0,0,0,0,0,0,0,0,0,0,0,0,0,0,0,0,0,0,0
"['O95619', 'O96019', 'P60709', 'Q05BQ5', 'Q15014', 'Q15906', 'Q52LR7', 'Q92993', 'Q96L91', 'Q9H0E9', 'Q9H2F5', 'Q9HAF1', 'Q9NPF5', 'Q9NV56', 'Q9NXR8', 'Q9UBU8', 'Q9Y230', 'Q9Y265', 'Q9Y4A5']",0,0,0,0,0,0,0,0,0,0,0,0,0,0,0,0,0,0,0,0,0,0,0,0,0,0,0,0,0
"['A6NHQ4', 'O43189', 'O75530', 'Q09028', 'Q15022', 'Q15910']",0,0,0,0,0,0,0,0,0,0,0,0,0,0,0,0,0,0,0,0,0,0,0,0,0,0,0,0,0
"['Q12768', 'Q2M389', 'Q641Q2', 'Q9NQA3', 'Q9Y3C0']",0,0,0,0,0,0,0,0,0,0,0,0,0,0,0,0,0,0,0,0,0,0,0,0,0,0,0,0,0
"['O14497', 'O96019', 'P51532', 'P60709', 'Q12824', 'Q4VC05', 'Q8WUB8', 'Q8WUZ0', 'Q92785', 'Q92922', 'Q969G3', 'Q96GM5', 'Q9BQE9']",0,0,0,0,0,0,0,0,0,0,0,0,0,0,0,0,0,0,0,0,0,0,0,0,0,0,0,0,0
"['Q8IX21', 'Q8IY18', 'Q8WV22', 'Q96MF7', 'Q96MG7', 'Q96SB8', 'Q9BQI6', 'Q9NXX6']",0,0,0,0,0,0,0,0,0,0,0,0,0,0,0,0,0,0,0,0,0,0,0,0,0,0,0,0,0
"['O14497', 'O94805', 'P51532', 'P60709', 'Q12824', 'Q6STE5', 'Q8TAQ2', 'Q92922', 'Q92925', 'Q969G3', 'Q96GM5']",0,0,0,0,0,0,0,0,0,0,0,0,0,0,0,0,0,0,0,0,0,0,0,0,0,0,0,0,0
"['O94777', 'P37287', 'P57054', 'Q14442', 'Q3MUY2', 'Q92535', 'Q9BRB3']",0,0,0,0,0,0,0,0,0,0,0,0,0,0,0,0,0,0,0,0,0,0,0,0,0,0,0,0,0
"['O14497', 'O96019', 'P51531', 'P60709', 'Q12824', 'Q6STE5', 'Q8TAQ2', 'Q8WUB8', 'Q92922', 'Q969G3', 'Q96GM5']",0,0,0,0,0,0,0,0,0,0,0,0,0,0,0,0,0,0,0,0,0,0,0,0,0,0,0,0,0
"['L0R819', 'O15212', 'O94763', 'P19388', 'Q96MX6', 'Q9H6T3', 'Q9NUG6', 'Q9NWS0', 'Q9UBK9', 'Q9UHV9', 'Q9Y230', 'Q9Y265']",0,0,0,0,0,0,0,0,0,0,0,0,0,0,0,0,0,0,0,0,0,0,0,0,0,0,0,0,0
"['A0JLT2', 'O43513', 'O60244', 'O75448', 'O75586', 'O95402', 'Q13503', 'Q15528', 'Q15648', 'Q6P2C8', 'Q71SY5', 'Q96G25', 'Q96HR3', 'Q96RN5', 'Q9BTT4', 'Q9BUE0', 'Q9H204', 'Q9H944', 'Q9NPJ6', 'Q9NVC6', 'Q9NWA0', 'Q9NX70', 'Q9P086', 'Q9ULK4', 'Q9Y2X0', 'Q9Y3C7']",0,0,0,0,0,0,0,0,0,0,0,0,0,0,0,0,0,0,0,0,0,0,0,0,0,0,0,0,0
"['P62699', 'Q6VN20', 'Q7L5Y9', 'Q8IUR7', 'Q8IVV7', 'Q96G75', 'Q9H7D7', 'Q9NWU2', 'Q9UL63']",0,0,0,0,0,0,0,0,0,0,0,0,0,0,0,0,0,0,0,0,0,0,0,0,0,0,0,0,0
"['O14497', 'O96019', 'P51532', 'P60709', 'Q12824', 'Q6STE5', 'Q8TAQ2', 'Q92784', 'Q92922', 'Q92925', 'Q969G3', 'Q96GM5']",0,0,0,0,0,0,0,0,0,0,0,0,0,0,0,0,0,0,0,0,0,0,0,0,0,0,0,0,0
"['Q15007', 'Q5T200', 'Q69YN4', 'Q75N03', 'Q86U44', 'Q9HCE5']",0,0,0,0,0,0,0,0,0,0,0,0,0,0,0,0,0,0,0,0,0,0,0,0,0,0,0,0,0
"['O15143', 'O15144', 'O15145', 'O15511', 'P59998', 'P61160', 'Q9P1U1']",0,0,0,0,0,0,0,0,0,0,0,0,0,0,0,0,0,0,0,0,0,0,0,0,0,0,0,0,0
"['A6NHQ4', 'O75530', 'Q15022', 'Q15910', 'Q16576', 'Q5T6S3']",0,0,0,0,0,0,0,0,0,0,0,0,0,0,0,0,0,0,0,0,0,0,0,0,0,0,0,0,0
"['Q2MV58', 'Q5HYA8', 'Q6NUS6', 'Q6UX40', 'Q86X19', 'Q8N157', 'Q96GX1', 'Q96Q45', 'Q9BPU9', 'Q9H6L2', 'Q9NXB0', 'Q9P0N5', 'Q9P2K1', 'Q9UPM9']",0,0,0,0,0,0,0,0,0,0,0,0,0,0,0,0,0,0,0,0,0,0,0,0,0,0,0,0,0
"['O15287', 'O15360', 'Q00597', 'Q0VG06', 'Q6NZ36', 'Q8NB91', 'Q9HB96', 'Q9NPI8', 'Q9NW38']",0,0,0,0,0,0,0,0,0,0,0,0,0,0,0,0,0,0,0,0,0,0,0,0,0,0,0,0,0
"['P25205', 'P33991', 'P33992', 'P33993', 'P49736', 'Q14566']",0,0,0,0,0,0,0,0,0,0,0,0,0,0,0,0,0,0,0,0,0,0,0,0,0,0,0,0,0
"['A6NHQ4', 'O75530', 'Q15022', 'Q15910', 'Q16576', 'Q9Y483']",0,0,0,0,0,0,0,0,0,0,0,0,0,0,0,0,0,0,0,0,0,0,0,0,0,0,0,0,0
"['P30260', 'P60006', 'Q12834', 'Q13042', 'Q8NHZ8', 'Q96DE5', 'Q9BS18', 'Q9H1A4', 'Q9NYG5', 'Q9UJX2', 'Q9UJX3', 'Q9UJX4', 'Q9UJX5', 'Q9UJX6', 'Q9UM13']",0,0,0,0,0,0,0,0,0,0,0,0,0,0,0,0,0,0,0,0,0,0,0,0,0,0,0,0,0
"['P20226', 'P21675', 'P49848', 'Q12962', 'Q15542', 'Q15543', 'Q15544', 'Q15545', 'Q16514', 'Q16594', 'Q5VWG9', 'Q6P1X5', 'Q7Z7C8', 'Q92750']",0,0,0,0,0,0,0,0,0,0,0,0,0,0,0,0,0,0,0,0,0,0,0,0,0,0,0,0,0
"['P62877', 'P78395', 'Q13617', 'Q15369', 'Q15370']",0,0,0,0,0,0,0,0,0,0,0,0,0,0,0,0,0,0,0,0,0,0,0,0,0,0,0,0,0
"['P49768', 'P49768', 'Q8WW43', 'Q92542', 'Q9NZ42']",0,0,0,0,0,0,0,0,0,0,0,0,0,0,0,0,0,0,0,0,0,0,0,0,0,0,0,0,0
"['P17181', 'P23458', 'P29597', 'P48551', 'Q86WN2']",0,0,0,0,0,0,0,0,0,0,0,0,0,0,0,0,0,0,0,0,0,0,0,0,0,0,0,0,0
"['O94776', 'Q09028', 'Q12873', 'Q13330', 'Q13547', 'Q14839', 'Q16576', 'Q86YP4', 'Q8WXI9', 'Q92769', 'Q9BTC8', 'Q9UBB5']",0,0,0,0,0,0,0,0,0,0,0,0,0,0,0,0,0,0,0,0,0,0,0,0,0,0,0,0,0
"['O94805', 'P51531', 'P60709', 'Q12824', 'Q8NFD5', 'Q8TAQ2', 'Q92925', 'Q969G3']",0,0,0,0,0,0,0,0,0,0,0,0,0,0,0,0,0,0,0,0,0,0,0,0,0,0,0,0,0
"['P05000', 'P17181', 'P23458', 'P29597', 'P48551']",0,0,0,0,0,0,0,0,0,0,0,0,0,0,0,0,0,0,0,0,0,0,0,0,0,0,0,0,0
"['O43189', 'O75530', 'Q09028', 'Q15022', 'Q15910', 'Q96JN0']",0,0,0,0,0,0,0,0,0,0,0,0,0,0,0,0,0,0,0,0,0,0,0,0,0,0,0,0,0
"['O95347', 'Q15003', 'Q15021', 'Q9BPX3', 'Q9NTJ3']",0,0,0,0,0,0,0,0,0,0,0,0,0,0,0,0,0,0,0,0,0,0,0,0,0,0,0,0,0
"['O94805', 'P51532', 'P60709', 'Q15532', 'Q4VC05', 'Q8WUZ0', 'Q92922', 'Q96GM5', 'Q9BQE9', 'Q9H8M2', 'Q9NZM4']",0,0,0,0,0,0,0,0,0,0,0,0,0,0,0,0,0,0,0,0,0,0,1,1,0,0,0,0,0
"['O75533', 'Q13435', 'Q15393', 'Q15427', 'Q7RTV0', 'Q9BWJ5', 'Q9Y3B4']",0,0,0,0,0,0,0,0,0,0,0,0,0,0,0,0,0,0,0,0,0,0,0,0,0,0,0,0,0
"['P26196', 'Q6P2E9', 'Q8IU60', 'Q8IZH2', 'Q96F86', 'Q9NPI6']",0,0,0,0,0,0,0,0,0,0,0,0,0,0,0,0,0,0,0,0,0,0,0,0,0,0,0,0,0
"['P05386', 'P05387', 'P05388', 'P18077', 'P18124', 'P18621', 'P26373', 'P30050', 'P32969', 'P35268', 'P36578', 'P39023', 'P40429', 'P42766', 'P46776', 'P46777', 'P46778', 'P46779', 'P47914', 'P49207', 'P50914', 'P61254', 'P61313', 'P61353', 'P61513', 'P61927', 'P62424', 'P62750', 'P62829', 'P62888', 'P62899', 'P62906', 'P62910', 'P62913', 'P62917', 'P62945', 'P62987', 'P63173', 'P83731', 'P83881', 'P84098', 'Q02543', 'Q02878', 'Q07020', 'Q6P5R6', 'Q969Q0', 'Q96EH5', 'Q96L21', 'Q9UNX3', 'Q9Y3U8']",0,0,0,0,0,0,0,0,0,0,0,0,0,0,0,0,0,0,0,0,0,0,0,0,0,0,0,0,0
"['O96019', 'P51531', 'P60709', 'Q15532', 'Q4VC05', 'Q6AI39', 'Q8WUZ0', 'Q92922', 'Q96GM5', 'Q9BQE9', 'Q9H8M2']",0,0,0,0,0,1,0,0,0,0,0,1,0,0,1,1,1,0,0,0,0,0,1,1,0,0,0,0,0
"['O94826', 'O96008', 'Q15388', 'Q8N4H5', 'Q96B49', 'Q9NS69', 'Q9P0U1']",0,0,0,0,0,0,0,0,0,0,0,0,0,0,0,0,0,0,0,0,0,0,0,0,0,0,0,0,0
"['O94805', 'P51532', 'P60709', 'Q12824', 'Q6STE5', 'Q8NFD5', 'Q8TAQ2', 'Q92922', 'Q92925', 'Q969G3', 'Q96GM5']",0,0,0,0,0,0,0,0,0,0,0,0,0,0,0,0,0,0,0,0,0,0,0,0,0,0,0,0,0
"['O75478', 'O75486', 'O75528', 'O75529', 'Q12962', 'Q16514', 'Q16594', 'Q92831', 'Q9Y4A5', 'Q9Y6J9']",0,0,0,0,0,0,0,0,0,0,0,0,0,0,0,0,0,0,0,0,0,0,0,0,0,0,0,0,0
"['O94805', 'P51532', 'P60709', 'Q15532', 'Q4VC05', 'Q6AI39', 'Q8WUZ0', 'Q92922', 'Q96GM5', 'Q9BQE9', 'Q9H8M2']",0,0,0,0,0,0,0,0,0,0,0,0,0,0,0,0,0,0,0,0,0,0,1,1,0,0,0,0,0
"['O75530', 'Q15022', 'Q15910', 'Q16576', 'Q6ZN18', 'Q92833']",0,0,0,0,0,0,0,0,0,0,0,0,0,0,0,0,0,0,0,0,0,0,0,0,0,0,0,0,0
"['Q8N3P4', 'Q8WUH2', 'Q96AX1', 'Q9H269', 'Q9H270', 'Q9P253']",0,0,0,0,0,0,0,0,0,0,0,0,0,0,0,0,0,0,0,0,0,0,0,0,0,0,0,0,0
"['P62699', 'Q7L5Y9', 'Q8IUR7', 'Q8IVV7', 'Q96G75', 'Q96S59', 'Q9H7D7', 'Q9NWU2', 'Q9UL63']",0,0,0,0,0,0,0,0,0,0,0,0,0,0,0,0,0,0,0,0,0,0,0,0,0,0,0,0,0
"['O14497', 'O94805', 'P51531', 'P60709', 'Q12824', 'Q6STE5', 'Q8TAQ2', 'Q92922', 'Q92925', 'Q969G3', 'Q96GM5']",0,0,0,0,0,0,0,0,0,0,0,0,0,0,0,0,0,0,0,0,0,0,0,0,0,0,0,0,0
"['O43913', 'O43929', 'Q13415', 'Q13416', 'Q9UBD5', 'Q9Y5N6']",0,0,0,0,0,0,0,0,0,0,0,0,0,0,0,0,0,0,0,0,0,0,0,0,0,0,0,0,0
"['O75446', 'P29374', 'Q09028', 'Q13547', 'Q16576', 'Q4LE39', 'Q5PSV4', 'Q92769', 'Q96ST3', 'Q9H0E3', 'Q9H160', 'Q9H7L9', 'Q9HAJ7', 'Q9HCU9', 'Q9UK53']",0,0,0,0,0,0,0,0,0,0,0,0,0,0,0,0,0,0,0,0,0,0,0,0,0,0,0,0,0
"['O14777', 'O95229', 'Q6P1K2', 'Q8NBT2', 'Q8NG31', 'Q96IY1', 'Q9BZD4', 'Q9H081', 'Q9H410', 'Q9HBM1']",0,0,0,0,0,0,0,0,0,0,0,0,0,0,0,0,0,0,0,0,0,0,0,0,0,0,0,0,0
"['P08621', 'P09012', 'P09234', 'P14678', 'P62304', 'P62306', 'P62308', 'P62314', 'P62316', 'P62318']",0,0,0,0,0,0,0,0,0,0,0,0,0,0,0,0,0,0,0,0,0,0,0,0,0,0,0,0,0
"['O94805', 'P51532', 'P60709', 'Q12824', 'Q6STE5', 'Q8NFD5', 'Q8TAQ2', 'Q92782', 'Q92784', 'Q92922', 'Q969G3', 'Q96GM5']",0,0,0,0,0,0,0,0,0,0,0,0,0,0,0,0,0,0,0,0,0,0,0,0,0,0,0,0,0
"['O00159', 'O60264', 'O75533', 'P35659', 'Q03468', 'Q9BQG0', 'Q9NR30', 'Q9UIG0']",0,0,0,0,0,0,0,0,0,0,0,0,0,0,0,0,0,0,0,0,0,0,0,0,0,0,0,0,0
"['O14579', 'P35606', 'P48444', 'P53618', 'P53621', 'P61923', 'Q9UBF2']",0,0,0,0,0,0,0,0,0,0,0,0,0,0,0,0,0,0,0,0,0,0,0,0,0,0,0,0,0
"['Q16891', 'Q5TGZ0', 'Q5XKP0', 'Q6UXV4', 'Q9BRQ6', 'Q9BUR5', 'Q9NX63']",0,0,0,0,0,0,0,0,0,0,0,0,0,0,0,0,0,0,0,0,0,0,0,0,0,0,0,0,0
"['O96019', 'P51531', 'P60709', 'Q12824', 'Q6STE5', 'Q8NFD5', 'Q8TAQ2', 'Q92784', 'Q92922', 'Q92925', 'Q969G3', 'Q96GM5']",0,0,0,0,0,0,0,0,0,0,0,0,0,0,0,0,0,0,0,0,0,0,0,0,0,0,0,0,0
"['P19784', 'P67870', 'Q86SE9', 'Q8N488', 'Q8WXX7', 'Q99496']",0,0,0,0,0,0,0,0,0,0,0,0,0,0,0,0,0,0,0,0,0,0,0,0,0,0,0,0,0
"['P18074', 'P19447', 'P32780', 'P50613', 'P51946', 'P51948', 'Q13888', 'Q13889', 'Q6ZYL4', 'Q92759']",0,0,0,0,0,0,0,0,0,0,0,0,0,0,0,0,0,0,0,0,0,0,0,0,0,0,0,0,0
"['P23458', 'P29597', 'Q08334', 'Q8IU57', 'Q8IZI9']",0,0,0,0,0,0,0,0,0,0,0,0,0,0,0,0,0,0,0,0,0,0,0,0,0,0,0,0,0
"['O15160', 'O15446', 'O95602', 'P0DPB6', 'P19388', 'P52434', 'P53803', 'P61218', 'P62875', 'Q3B726', 'Q9GZS1', 'Q9H9Y6', 'Q9P1U0']",0,0,0,0,0,0,0,0,0,0,0,0,0,0,0,0,0,0,0,0,0,0,0,0,0,0,0,0,0
"['O43617', 'O75865', 'P0DI82', 'Q7Z392', 'Q8IUR0', 'Q8WVT3', 'Q9UL33', 'Q9Y296', 'Q9Y2L5', 'Q9Y5R8']",0,0,0,0,0,0,1,0,0,0,0,0,0,0,0,0,0,0,0,0,0,0,0,0,0,0,0,0,0
"['P19784', 'P67870', 'P68400', 'Q06587', 'Q86SE9', 'Q8N488', 'Q8WXX7']",0,0,0,0,0,0,0,0,0,0,0,0,0,0,0,0,0,0,0,0,0,0,0,0,0,0,0,0,0
"['O00471', 'O60645', 'Q8IYI6', 'Q96A65', 'Q96KP1', 'Q9NV70', 'Q9UPT5', 'Q9Y2D4']",0,0,0,0,0,0,0,0,0,0,0,0,0,0,0,0,0,0,0,0,0,0,0,0,0,0,0,0,0
"['O75530', 'Q09028', 'Q15022', 'Q92800', 'Q96JN0', 'Q9Y483']",0,0,0,0,0,0,0,0,0,0,0,0,0,0,0,0,0,0,0,0,0,0,0,0,0,0,0,0,0
"['P67870', 'P68400', 'Q06587', 'Q86SE9', 'Q8IY57', 'Q8WXX7']",0,0,0,0,0,0,0,0,0,0,0,0,0,0,0,0,0,0,0,0,0,0,0,0,0,0,0,0,0
"['A6NHQ4', 'O75530', 'Q09028', 'Q15022', 'Q15910', 'Q5T6S3']",0,0,0,0,0,0,0,0,0,0,0,0,0,0,0,0,0,0,0,0,0,0,0,0,0,0,0,0,0
"['O15550', 'P61964', 'Q14686', 'Q15291', 'Q6ZW49', 'Q8NEZ4', 'Q9BTK6', 'Q9C005', 'Q9UBL3']",0,0,0,0,0,0,0,0,0,0,0,0,0,0,0,0,0,0,0,0,0,0,0,0,0,0,0,0,0
"['O75530', 'Q09028', 'Q15022', 'Q15910', 'Q6ZN18', 'Q92833']",0,0,0,0,0,0,0,0,0,0,0,0,0,0,0,0,0,0,0,0,0,0,0,0,0,0,0,0,0
"['P67870', 'P68400', 'Q06587', 'Q3KNV8', 'Q8IY57', 'Q8WXX7']",0,0,0,0,0,0,0,0,0,0,0,0,0,0,0,0,0,0,0,0,0,0,0,0,0,0,0,0,0
"['O14579', 'P35606', 'P48444', 'P53618', 'P53621', 'P61923', 'Q9Y678']",0,0,0,0,0,0,0,0,0,0,0,0,0,0,0,0,0,0,0,0,0,0,0,0,0,0,0,0,0
"['A6NHQ4', 'O75530', 'Q09028', 'Q15022', 'Q15910', 'Q9Y483']",0,0,0,0,0,0,0,0,0,0,0,0,0,0,0,0,0,0,0,0,0,0,0,0,0,0,0,0,0
"['O15342', 'O75348', 'O75787', 'O95670', 'P15313', 'P21281', 'P21283', 'P27449', 'P36543', 'P38606', 'P61421', 'Q15904', 'Q16864', 'Q6P5S7', 'Q8N8Y2', 'Q8NEY4', 'Q8NHE4', 'Q96A05', 'Q96LB4', 'Q99437', 'Q9UI12', 'Q9Y487', 'Q9Y5K8']",0,0,0,0,0,0,0,0,0,0,0,0,0,0,0,0,0,0,0,0,0,0,0,0,0,0,0,0,0
"['C4AMC7', 'Q12768', 'Q2M389', 'Q641Q2', 'Q9Y3C0']",0,0,0,0,0,0,0,0,0,0,0,0,0,0,0,0,0,0,0,0,0,0,0,0,0,0,0,0,0
"['O15182', 'O60318', 'P60896', 'Q5JVF3', 'Q9NPA8']",0,0,0,0,0,0,0,0,0,0,0,0,0,0,0,0,0,0,0,0,0,0,0,0,0,0,0,0,0
"['O15143', 'O15144', 'O15145', 'P59998', 'P61158', 'P61160', 'Q9BPX5']",0,0,0,0,0,0,0,0,0,0,0,0,0,0,0,0,0,0,0,0,0,0,0,0,0,0,0,0,0
"['A6NHQ4', 'O75530', 'Q09028', 'Q15022', 'Q5T6S3', 'Q92800']",0,0,0,0,0,0,0,0,0,0,0,0,0,0,0,0,0,0,0,0,0,0,0,0,0,0,0,0,0
"['O00255', 'P51610', 'P61964', 'Q15291', 'Q9C005', 'Q9UBL3', 'Q9UMN6', 'Q9Y5Z7']",0,0,0,0,0,0,0,0,0,0,0,0,0,0,0,0,0,0,0,0,0,0,0,0,0,0,0,0,0
"['O60674', 'P29460', 'P29597', 'P42701', 'Q5VWK5', 'Q9NPF7']",0,0,0,0,0,0,0,0,0,0,0,0,0,0,0,0,0,0,0,0,0,0,0,0,0,0,0,0,0
"['C4AMC7', 'Q12768', 'Q2M389', 'Q9Y3C0', 'Q9Y4E1']",0,0,0,0,0,0,0,0,0,0,0,0,0,0,0,0,0,0,0,0,0,0,0,0,0,0,0,0,0
"['O14972', 'O60826', 'Q567U6', 'Q7Z3J2', 'Q7Z4G1', 'Q86VX2', 'Q86X83', 'Q8N668', 'Q8TCE6', 'Q9GZQ3', 'Q9H0A8', 'Q9NX08', 'Q9P000', 'Q9UBI1', 'Q9UBQ0', 'Q9Y6G5']",0,0,0,0,0,0,0,0,0,0,0,0,0,0,0,0,0,0,0,0,0,0,0,0,0,0,0,0,0
"['P19784', 'P67870', 'Q06587', 'Q3KNV8', 'Q8N488', 'Q8WXX7']",0,0,0,0,0,0,0,0,0,0,0,0,0,0,0,0,0,0,0,0,0,0,0,0,0,0,0,0,0
"['Q01780', 'Q06265', 'Q13868', 'Q15024', 'Q5RKV6', 'Q96B26', 'Q9NPD3', 'Q9NQT4', 'Q9NQT5', 'Q9Y3B2']",0,0,0,0,0,0,0,0,0,0,0,0,0,0,0,0,0,0,0,0,0,0,0,0,0,0,0,0,0
"['P01567', 'P17181', 'P23458', 'P29597', 'P48551']",0,0,0,0,0,0,0,0,0,0,0,0,0,0,0,0,0,0,0,0,0,0,0,0,0,0,0,0,0
"['P62877', 'Q13617', 'Q15369', 'Q15370', 'Q6PID8']",0,0,0,0,0,0,0,0,0,0,0,0,0,0,0,0,0,0,0,0,0,0,0,0,0,0,0,0,0
"['P19784', 'P67870', 'P68400', 'Q06587', 'Q3KNV8', 'Q8N488', 'Q8WXX7']",0,0,0,0,0,0,0,0,0,0,0,0,0,0,0,0,0,0,0,0,0,0,0,0,0,0,0,0,0
"['O15144', 'O15145', 'O15511', 'P59998', 'P61158', 'P61160', 'Q92747']",0,0,0,0,0,0,0,0,0,0,0,0,0,0,0,0,0,0,0,0,0,0,0,0,0,0,0,0,0
"['O75208', 'Q5HYK3', 'Q99807', 'Q9NZJ6', 'Q9Y2Z9', 'Q9Y3A0']",0,0,0,0,0,0,0,0,0,0,0,0,0,0,0,0,0,0,0,0,0,0,0,0,0,0,0,0,0
"['O00471', 'O60645', 'Q8IYI6', 'Q8TAG9', 'Q96A65', 'Q96KP1', 'Q9NV70', 'Q9UPT5']",0,0,0,0,0,0,0,0,0,0,0,0,0,0,0,0,0,0,0,0,0,0,0,0,0,0,0,0,0
"['O14497', 'O94805', 'P51531', 'P60709', 'Q12824', 'Q6STE5', 'Q8TAQ2', 'Q92782', 'Q92784', 'Q92922', 'Q969G3', 'Q96GM5']",0,0,0,0,0,0,0,0,0,0,0,0,0,0,0,0,0,0,0,0,0,0,0,0,0,0,0,0,0
"['O15143', 'O15144', 'O15145', 'P59998', 'P61160', 'Q9BPX5', 'Q9P1U1']",0,0,0,0,0,0,0,0,0,0,0,0,0,0,0,0,0,0,0,0,0,0,0,0,0,0,0,0,0
"['O75530', 'Q09028', 'Q15022', 'Q15910', 'Q96JN0', 'Q9Y483']",0,0,0,0,0,0,0,0,0,0,0,0,0,0,0,0,0,0,0,0,0,0,0,0,0,0,0,0,0
"['O60506', 'O75534', 'P11940', 'Q14103', 'Q9H074']",0,0,0,0,0,0,0,0,0,0,0,0,0,0,0,0,0,0,0,0,0,0,0,0,0,0,0,0,0
"['P01571', 'P17181', 'P23458', 'P29597', 'P48551']",0,0,0,0,0,0,0,0,0,0,0,0,0,0,0,0,0,0,0,0,0,0,0,0,0,0,0,0,0
"['Q6P1J9', 'Q6PD62', 'Q8N7H5', 'Q8WVC0', 'Q92541', 'Q9GZS3']",0,0,0,0,0,0,0,0,0,0,0,0,0,0,0,0,0,0,0,0,0,0,0,0,0,0,0,0,0
"['P54274', 'Q15554', 'Q96AP0', 'Q9BSI4', 'Q9NUX5', 'Q9NYB0']",0,0,0,0,0,0,0,0,0,0,0,0,0,0,0,0,0,0,0,0,0,0,0,0,0,0,0,0,0
"['O60506', 'P67809', 'Q00839', 'Q08211', 'Q9NZI8']",0,0,0,0,0,0,0,0,0,0,0,0,0,0,0,0,0,0,0,0,0,0,0,0,0,0,0,0,0
"['P83436', 'Q14746', 'Q8WTW3', 'Q96JB2', 'Q96MW5', 'Q9H9E3', 'Q9UP83', 'Q9Y2V7']",0,0,0,0,0,0,0,0,0,0,0,0,0,0,0,0,0,0,0,0,0,0,0,0,0,0,0,0,0
"['Q8IYU8', 'Q8NE86', 'Q9BPX6', 'Q9H4I9', 'Q9NWR8']",0,0,0,0,0,0,0,0,0,0,0,0,0,0,0,0,0,0,0,0,0,0,0,0,0,0,0,0,0
"['P14678', 'P62304', 'P62306', 'P62308', 'P62318', 'P83369', 'Q969L4']",0,0,0,0,0,0,0,0,0,0,0,0,0,0,0,0,0,0,0,0,0,0,0,0,0,0,0,0,0
"['P56597', 'P59910', 'Q6P9G0', 'Q86UC2', 'Q8IYR0', 'Q8NA54', 'Q8WWB3', 'Q8WYR4', 'Q96C74', 'Q96FJ2', 'Q9H0K4', 'Q9H1X1', 'Q9UHP6']",0,0,0,0,0,0,0,0,0,0,0,0,0,0,0,0,0,0,0,0,0,0,0,0,0,0,0,0,0
"['O00148', 'O75152', 'P82979', 'P84090', 'Q13769', 'Q53F19', 'Q6I9Y2', 'Q86V81', 'Q86W42', 'Q8NI27', 'Q96FV9', 'Q96J01', 'Q96QD9', 'Q9BY77', 'Q9P127', 'Q9Y3Y2']",0,0,0,0,0,0,0,0,0,0,0,0,0,0,0,0,0,0,0,0,0,0,0,0,0,0,0,0,0
"['P55735', 'Q6PJI9', 'Q96EE3', 'Q96S15', 'Q9NXC5']",0,0,0,0,0,0,0,0,0,0,0,0,0,0,0,0,0,0,0,0,0,0,0,0,0,0,0,0,0
"['O15235', 'O60783', 'P51398', 'P82650', 'P82663', 'P82664', 'P82673', 'P82675', 'P82912', 'P82914', 'P82921', 'P82930', 'P82932', 'P82933', 'Q92552', 'Q92665', 'Q96BP2', 'Q96EL2', 'Q96EY7', 'Q9BYN8', 'Q9NWT8', 'Q9Y291', 'Q9Y2Q9', 'Q9Y2R5', 'Q9Y2R9', 'Q9Y399', 'Q9Y3D3', 'Q9Y3D5', 'Q9Y3D9', 'Q9Y676']",0,0,0,0,0,0,0,0,0,0,0,0,0,0,0,0,0,0,0,0,0,0,0,0,0,0,0,0,0
"['P67870', 'P68400', 'Q3KNV8', 'Q8N488', 'Q8WXX7', 'Q99496']",0,0,0,0,0,0,0,0,0,0,0,0,0,0,0,0,0,0,0,0,0,0,0,0,0,0,0,0,0
"['P05013', 'P17181', 'P23458', 'P29597', 'P48551']",0,0,0,0,0,0,0,0,0,0,0,0,0,0,0,0,0,0,0,0,0,0,0,0,0,0,0,0,0
"['O75461', 'P61244', 'Q14186', 'Q8IWI9', 'Q8IY57', 'Q969R5', 'Q99496', 'Q9BYE7']",0,0,0,0,0,0,0,0,0,0,0,0,0,0,0,0,0,0,0,0,0,0,0,0,0,0,0,0,0
"['P67870', 'P68400', 'Q3KNV8', 'Q8IY57', 'Q8WXX7', 'Q99496']",0,0,0,0,0,0,0,0,0,0,0,0,0,0,0,0,0,0,0,0,0,0,0,0,0,0,0,0,0
"['O75530', 'Q15022', 'Q16576', 'Q5T6S3', 'Q92800', 'Q96JN0']",0,0,0,0,0,0,0,0,0,0,0,0,0,0,0,0,0,0,0,0,0,0,0,0,0,0,0,0,0
"['O76094', 'P09132', 'P37108', 'P49458', 'P61011', 'Q9UHB9']",0,0,0,0,0,0,0,0,0,0,0,0,0,0,0,0,0,0,0,0,0,0,0,0,0,0,0,0,0
"['O15514', 'P19387', 'P19388', 'P24928', 'P30876', 'P36954', 'P52434', 'P52435', 'P53803', 'P61218', 'P62487', 'P62875']",0,0,0,0,0,0,0,0,0,0,0,0,0,0,0,0,0,0,0,0,0,0,0,0,0,0,0,0,0
"['Q8IUX1', 'Q96B77', 'Q9BQ95', 'Q9GZY4', 'Q9H845', 'Q9Y375']",0,0,0,0,0,0,0,0,0,0,0,0,0,0,0,0,0,0,0,0,0,0,0,0,0,0,0,0,0
"['O15144', 'O15145', 'O15511', 'P59998', 'P61160', 'Q92747', 'Q9P1U1']",0,0,0,0,0,0,0,0,0,0,0,0,0,0,0,0,0,0,0,0,0,0,0,0,0,0,0,0,0
"['B7Z8K6', 'P07766', 'P09693', 'P0CF51', 'P20963']",0,0,0,0,0,0,0,0,0,0,0,0,0,0,0,0,0,0,0,0,0,0,0,0,0,0,0,0,0
"['P05014', 'P17181', 'P23458', 'P29597', 'P48551']",0,0,0,0,0,0,0,0,0,0,0,0,0,0,0,0,0,0,0,0,0,0,0,0,0,0,0,0,0
"['P62877', 'Q13617', 'Q15369', 'Q15370', 'Q9BSK4']",0,0,0,0,0,0,0,0,0,0,0,0,0,0,0,0,0,0,0,0,0,0,0,0,0,0,0,0,0
"['A8MWX3', 'Q12768', 'Q2M389', 'Q9Y3C0', 'Q9Y4E1']",0,0,0,0,0,0,0,0,0,0,0,0,0,0,0,0,0,0,0,0,0,0,0,0,0,0,0,0,0
"['A0A024RAD5', 'P04843', 'P04844', 'P0C6T2', 'P46977', 'P61165', 'P61803', 'Q9NRP0']",0,0,0,0,0,0,0,0,0,0,0,0,0,0,0,0,0,0,0,0,0,0,0,0,0,0,0,0,0
"['O43189', 'O75530', 'Q15022', 'Q16576', 'Q92800', 'Q96JN0']",0,0,0,0,0,0,0,0,0,0,0,0,0,0,0,0,0,0,0,0,0,0,0,0,0,0,0,0,0
"['O75461', 'P61244', 'Q06587', 'Q14186', 'Q8IWI9', 'Q8IY57', 'Q969R5', 'Q9BYE7']",0,0,0,0,0,0,0,0,0,0,0,0,0,0,0,0,0,0,0,0,0,0,0,0,0,0,0,0,0
"['Q06265', 'Q13868', 'Q15024', 'Q5RKV6', 'Q96B26', 'Q9NPD3', 'Q9NQT4', 'Q9NQT5', 'Q9Y2L1', 'Q9Y3B2']",0,0,0,0,0,0,0,0,0,0,0,0,0,0,0,0,0,0,0,0,0,0,0,0,0,0,0,0,0
"['P42345', 'P85299', 'Q6R327', 'Q9BPZ7', 'Q9BVC4']",0,0,0,0,0,0,0,0,0,0,0,0,0,0,0,0,0,0,0,0,0,0,0,0,0,0,0,0,0
"['P04839', 'P13498', 'P14598', 'P19878', 'P60763', 'Q15080']",0,0,0,0,0,0,0,0,0,0,0,0,0,0,0,0,0,0,0,0,0,0,0,0,0,0,0,0,0
"['P49810', 'P49810', 'Q8WW43', 'Q92542', 'Q9NZ42']",0,0,0,0,0,0,0,0,0,0,0,0,0,0,0,0,0,0,0,0,0,0,0,0,0,0,0,0,0
"['P19784', 'P67870', 'P68400', 'Q06587', 'Q86SE9', 'Q8IY57', 'Q8WXX7']",0,0,0,0,0,0,0,0,0,0,0,0,0,0,0,0,0,0,0,0,0,0,0,0,0,0,0,0,0
"['Q86VS8', 'Q8N612', 'Q96ED9', 'Q9H8T0', 'Q9UJC3']",0,0,0,0,0,0,0,0,0,0,0,0,0,0,0,0,0,0,0,0,0,0,0,0,0,0,0,0,0
"['O96019', 'P51532', 'P60709', 'Q12824', 'Q6STE5', 'Q8NFD5', 'Q8TAQ2', 'Q92922', 'Q92925', 'Q969G3', 'Q96GM5']",0,0,0,0,0,0,0,0,0,0,0,0,0,0,0,0,0,0,0,0,0,0,0,0,0,0,0,0,0
"['O15143', 'O15144', 'O15145', 'O15511', 'P59998', 'P61158', 'P61160']",0,0,0,0,0,0,0,0,0,0,0,0,0,0,0,0,0,0,0,0,0,0,0,0,0,0,0,0,0
"['P01566', 'P17181', 'P23458', 'P29597', 'P48551']",0,0,0,0,0,0,0,0,0,0,0,0,0,0,0,0,0,0,0,0,0,0,0,0,0,0,0,0,0
"['P67870', 'P68400', 'Q06587', 'Q86SE9', 'Q8N488', 'Q8WXX7']",0,0,0,0,0,0,0,0,0,0,0,0,0,0,0,0,0,0,0,0,0,0,0,0,0,0,0,0,0
"['P05386', 'P05387', 'P05388', 'P18077', 'P18124', 'P18621', 'P26373', 'P27635', 'P30050', 'P32969', 'P35268', 'P36578', 'P40429', 'P42766', 'P46776', 'P46777', 'P46778', 'P46779', 'P47914', 'P49207', 'P50914', 'P61254', 'P61313', 'P61353', 'P61513', 'P61927', 'P62424', 'P62750', 'P62829', 'P62888', 'P62891', 'P62899', 'P62906', 'P62910', 'P62913', 'P62917', 'P62945', 'P62987', 'P63173', 'P83731', 'P83881', 'P84098', 'Q02543', 'Q02878', 'Q07020', 'Q6P5R6', 'Q92901', 'Q9UNX3', 'Q9Y3U8']",0,0,0,0,0,0,0,0,0,0,0,0,0,0,0,0,0,0,0,0,0,0,0,0,0,0,0,0,0
"['O96019', 'P51532', 'P60709', 'Q12824', 'Q6STE5', 'Q8NFD5', 'Q8TAQ2', 'Q92784', 'Q92922', 'Q92925', 'Q969G3', 'Q96GM5']",0,0,0,0,0,0,0,0,0,0,0,0,0,0,0,0,0,0,0,0,0,0,0,0,0,0,0,0,0
"['A8MWX3', 'Q12768', 'Q2M389', 'Q641Q2', 'Q9Y3C0']",0,0,0,0,0,0,0,0,0,0,0,0,0,0,0,0,0,0,0,0,0,0,0,0,0,0,0,0,0
"['Q12789', 'Q8WUA4', 'Q969F1', 'Q9UKN8', 'Q9Y5Q8', 'Q9Y5Q9']",0,0,0,0,0,0,0,0,0,0,0,0,0,0,0,0,0,0,0,0,0,0,0,0,0,0,0,0,0
"['P62877', 'Q13617', 'Q15369', 'Q15370', 'Q92624']",0,0,0,0,0,0,0,0,0,0,0,0,0,0,0,0,0,0,0,0,0,0,0,0,0,0,0,0,0
"['O15342', 'O75348', 'O75787', 'O95670', 'P15313', 'P21281', 'P21283', 'P27449', 'P36543', 'P38606', 'P61421', 'Q15904', 'Q16864', 'Q6P5S7', 'Q8N8Y2', 'Q8NEY4', 'Q8NHE4', 'Q93050', 'Q96A05', 'Q96LB4', 'Q99437', 'Q9UI12', 'Q9Y5K8']",0,0,0,0,0,0,0,0,0,0,0,0,0,0,0,0,0,0,0,0,0,0,0,0,0,0,0,0,0
"['O15294', 'O75446', 'P29374', 'Q09028', 'Q13547', 'Q16576', 'Q4LE39', 'Q5PSV4', 'Q8NFU7', 'Q92769', 'Q96ST3', 'Q9H0E3', 'Q9H160', 'Q9H7L9', 'Q9HAJ7', 'Q9HCU9', 'Q9NP50', 'Q9UK53']",0,0,0,0,0,0,0,0,0,0,0,0,0,0,0,0,0,0,0,0,0,0,0,0,0,0,0,0,0
"['O15265', 'O75486', 'O75528', 'O75529', 'O94864', 'Q12962', 'Q14CW9', 'Q15393', 'Q16514', 'Q16594', 'Q86TJ2', 'Q8NEM7', 'Q92830', 'Q96BN2', 'Q96ES7', 'Q9BWJ5', 'Q9NPA8', 'Q9UPT9', 'Q9Y4A5', 'Q9Y6J9']",0,0,0,0,0,0,0,0,0,0,0,0,0,0,0,0,0,0,0,0,0,0,0,0,0,0,0,0,0
"['O15212', 'O94763', 'Q9NUG6', 'Q9UBK9', 'Q9UHV9']",0,0,0,0,0,0,0,0,0,0,0,0,0,0,0,0,0,0,0,0,0,0,0,0,0,0,0,0,0
"['Q15006', 'Q5J8M3', 'Q5UCC4', 'Q8N4V1', 'Q8N766', 'Q9BV81', 'Q9NPA0', 'Q9P0I2', 'Q9Y3B6']",0,0,0,0,0,0,0,0,0,0,0,0,0,0,0,0,0,0,0,0,0,0,0,0,0,0,0,0,0
"['O75461', 'P61244', 'Q06587', 'Q14186', 'Q8IWI9', 'Q8N488', 'Q969R5', 'Q9BYE7']",0,0,0,0,0,0,0,0,0,0,0,0,0,0,0,0,0,0,0,0,0,0,0,0,0,0,0,0,0
"['A8MT69', 'Q03188', 'Q13352', 'Q5EE01', 'Q6IPU0', 'Q71F23', 'Q7L2Z9', 'Q8N0S6', 'Q8N2Z9', 'Q92674', 'Q96BT3', 'Q96H22', 'Q9BS16', 'Q9BU64', 'Q9H3R5', 'Q9NSP4']",0,0,0,0,0,0,0,0,0,0,0,0,0,0,0,0,0,0,0,0,0,0,0,0,0,0,0,0,0
"['Q12768', 'Q2M389', 'Q6VEQ5', 'Q9Y3C0', 'Q9Y4E1']",0,0,0,0,0,0,0,0,0,0,0,0,0,0,0,0,0,0,0,0,0,0,0,0,0,0,0,0,0
"['P61201', 'Q13098', 'Q7L5N1', 'Q92905', 'Q99627', 'Q9BT78', 'Q9UBW8', 'Q9UNS2']",0,0,0,0,0,0,0,0,0,0,0,0,0,0,0,0,0,0,0,0,0,0,0,0,0,0,0,0,0
"['P19784', 'P67870', 'Q06587', 'Q3KNV8', 'Q8IY57', 'Q8WXX7']",0,0,0,0,0,0,0,0,0,0,0,0,0,0,0,0,0,0,0,0,0,0,0,0,0,0,0,0,0
"['P49754', 'Q96AX1', 'Q96JC1', 'Q9H269', 'Q9H270', 'Q9P253']",0,0,0,0,0,0,0,0,0,0,0,0,0,0,0,0,0,0,0,0,0,0,0,0,0,0,0,0,0
"['O00566', 'O00567', 'O15213', 'O43818', 'O75691', 'P22087', 'P55769', 'P78316', 'Q12788', 'Q13601', 'Q14692', 'Q15061', 'Q15269', 'Q5QJE6', 'Q8IWA0', 'Q8NDD1', 'Q8NEJ9', 'Q8NI36', 'Q8TED0', 'Q92979', 'Q969X6', 'Q96G21', 'Q9BVI4', 'Q9BVJ6', 'Q9H0A0', 'Q9H583', 'Q9H6R4', 'Q9H8H0', 'Q9NQZ2', 'Q9NRX1', 'Q9NV06', 'Q9NV31', 'Q9NY61', 'Q9NYH9', 'Q9UNX4', 'Q9Y2P8', 'Q9Y2X3', 'Q9Y324', 'Q9Y3A2', 'Q9Y3A4', 'Q9Y5J1']",0,0,0,0,0,0,0,0,0,0,0,0,0,0,0,0,0,0,0,0,0,0,0,0,0,0,0,0,0
"['A5YKK6', 'O75175', 'O95628', 'Q92600', 'Q9C0C2', 'Q9H9A5', 'Q9NZN8', 'Q9UFF9', 'Q9UKZ1', 'Q9ULM6']",0,0,0,0,0,0,0,0,0,0,0,0,0,0,0,0,0,0,0,0,0,0,0,0,0,0,0,0,0
"['P19784', 'P67870', 'P68400', 'Q06587', 'Q3KNV8', 'Q8IY57', 'Q8WXX7']",0,0,0,0,0,0,0,0,0,0,0,0,0,0,0,0,0,0,0,0,0,0,0,0,0,0,0,0,0
"['O43172', 'O43290', 'O75643', 'O94906', 'O95777', 'P09012', 'P14678', 'P55769', 'P62304', 'P62306', 'P62308', 'P62310', 'P62312', 'P62314', 'P62316', 'P62318', 'P83876', 'Q15029', 'Q53GS9', 'Q6P2Q9', 'Q8WVK2', 'Q8WWY3', 'Q96DI7', 'Q9BTD8', 'Q9BUQ8', 'Q9UK45', 'Q9Y333', 'Q9Y4Y9', 'Q9Y4Z0']",0,0,0,0,0,0,0,0,0,0,0,0,0,0,0,0,0,0,0,0,0,0,0,0,0,0,0,0,0
